{"Displayowner":"","access":[],"allowMod":true,"height":60,"isDev":false,"isMod":false,"isPlay":false,"isPublic":false,"isVip":false,"name":"START","nuked":false,"owner":"","tiles":[{"bg":0,"fg":0},{"bg":0,"fg":0},{"bg":0,"fg":0},{"bg":0,"fg":0},{"bg":0,"fg":0},{"bg":0,"fg":0},{"bg":0,"fg":0},{"bg":0,"fg":0},{"bg":0,"fg":0},{"bg":0,"fg":0},{"bg":0,"fg":0},{"bg":0,"fg":0},{"bg":0,"fg":0},{"bg":0,"fg":0},{"bg":0,"fg":0},{"bg":0,"fg":0},{"bg":0,"fg":0},{"bg":0,"fg":0},{"bg":0,"fg":0},{"bg":0,"fg":0},{"bg":0,"fg":0},{"bg":0,"fg":0},{"bg":0,"fg":0},{"bg":0,"fg":0},{"bg":0,"fg":0},{"bg":0,"fg":0},{"bg":0,"fg":0},{"bg":0,"fg":0},{"bg":0,"fg":0},{"bg":0,"fg":0},{"bg":0,"fg":0},{"bg":0,"fg":0},{"bg":0,"fg":0},{"bg":0,"fg":0},{"bg":0,"fg":0},{"bg":0,"fg":0},{"bg":0,"fg":0},{"bg":0,"fg":0},{"bg":0,"fg":0},{"bg":0,"fg":0},{"bg":0,"fg":0},{"bg":0,"fg":0},{"bg":0,"fg":0},{"bg":0,"fg":0},{"bg":0,"fg":0},{"bg":0,"fg":0},{"bg":0,"fg":0},{"bg":0,"fg":0},{"bg":0,"fg":0},{"bg":0,"fg":0},{"bg":0,"fg":0},{"bg":0,"fg":0},{"bg":0,"fg":0},{"bg":0,"fg":0},{"bg":0,"fg":0},{"bg":0,"fg":0},{"bg":0,"fg":0},{"bg":0,"fg":0},{"bg":0,"fg":0},{"bg":0,"fg":0},{"bg":0,"fg":0},{"bg":0,"fg":0},{"bg":0,"fg":0},{"bg":0,"fg":0},{"bg":0,"fg":0},{"bg":0,"fg":0},{"bg":0,"fg":0},{"bg":0,"fg":0},{"bg":0,"fg":0},{"bg":0,"fg":0},{"bg":0,"fg":0},{"bg":0,"fg":0},{"bg":0,"fg":0},{"bg":0,"fg":0},{"bg":0,"fg":0},{"bg":0,"fg":0},{"bg":0,"fg":0},{"bg":0,"fg":0},{"bg":0,"fg":0},{"bg":0,"fg":0},{"bg":0,"fg":0},{"bg":0,"fg":0},{"bg":0,"fg":0},{"bg":0,"fg":0},{"bg":0,"fg":0},{"bg":0,"fg":0},{"bg":0,"fg":0},{"bg":0,"fg":0},{"bg":0,"fg":0},{"bg":0,"fg":0},{"bg":0,"fg":0},{"bg":0,"fg":0},{"bg":0,"fg":0},{"bg":0,"fg":0},{"bg":0,"fg":0},{"bg":0,"fg":0},{"bg":0,"fg":0},{"bg":0,"fg":0},{"bg":0,"fg":0},{"bg":0,"fg":0},{"bg":0,"fg":0},{"bg":0,"fg":0},{"bg":0,"fg":0},{"bg":0,"fg":0},{"bg":0,"fg":0},{"bg":0,"fg":0},{"bg":0,"fg":0},{"bg":0,"fg":0},{"bg":0,"fg":0},{"bg":0,"fg":0},{"bg":0,"fg":0},{"bg":0,"fg":0},{"bg":0,"fg":0},{"bg":0,"fg":0},{"bg":0,"fg":0},{"bg":0,"fg":0},{"bg":0,"fg":0},{"bg":0,"fg":0},{"bg":0,"fg":0},{"bg":0,"fg":0},{"bg":0,"fg":0},{"bg":0,"fg":0},{"bg":0,"fg":0},{"bg":0,"fg":0},{"bg":0,"fg":0},{"bg":0,"fg":0},{"bg":0,"fg":0},{"bg":0,"fg":0},{"bg":0,"fg":0},{"bg":0,"fg":0},{"bg":0,"fg":0},{"bg":0,"fg":0},{"bg":0,"fg":0},{"bg":0,"fg":0},{"bg":0,"fg":0},{"bg":0,"fg":0},{"bg":0,"fg":0},{"bg":0,"fg":0},{"bg":0,"fg":0},{"bg":0,"fg":0},{"bg":0,"fg":0},{"bg":0,"fg":0},{"bg":0,"fg":0},{"bg":0,"fg":0},{"bg":0,"fg":0},{"bg":0,"fg":0},{"bg":0,"fg":0},{"bg":0,"fg":0},{"bg":0,"fg":0},{"bg":0,"fg":0},{"bg":0,"fg":0},{"bg":0,"fg":0},{"bg":0,"fg":0},{"bg":0,"fg":0},{"bg":0,"fg":0},{"bg":0,"fg":0},{"bg":0,"fg":0},{"bg":0,"fg":0},{"bg":0,"fg":0},{"bg":0,"fg":0},{"bg":0,"fg":0},{"bg":0,"fg":0},{"bg":0,"fg":0},{"bg":0,"fg":0},{"bg":0,"fg":0},{"bg":0,"fg":0},{"bg":0,"fg":0},{"bg":0,"fg":0},{"bg":0,"fg":0},{"bg":0,"fg":0},{"bg":0,"fg":0},{"bg":0,"fg":0},{"bg":0,"fg":0},{"bg":0,"fg":0},{"bg":0,"fg":0},{"bg":0,"fg":0},{"bg":0,"fg":0},{"bg":0,"fg":0},{"bg":0,"fg":0},{"bg":0,"fg":0},{"bg":0,"fg":0},{"bg":0,"fg":0},{"bg":0,"fg":0},{"bg":0,"fg":0},{"bg":0,"fg":0},{"bg":0,"fg":0},{"bg":0,"fg":0},{"bg":0,"fg":0},{"bg":0,"fg":0},{"bg":0,"fg":0},{"bg":0,"fg":0},{"bg":0,"fg":0},{"bg":0,"fg":0},{"bg":0,"fg":0},{"bg":0,"fg":0},{"bg":0,"fg":0},{"bg":0,"fg":0},{"bg":0,"fg":0},{"bg":0,"fg":0},{"bg":0,"fg":0},{"bg":0,"fg":0},{"bg":0,"fg":0},{"bg":0,"fg":0},{"bg":0,"fg":0},{"bg":0,"fg":0},{"bg":0,"fg":0},{"bg":0,"fg":0},{"bg":0,"fg":0},{"bg":0,"fg":0},{"bg":0,"fg":0},{"bg":0,"fg":0},{"bg":0,"fg":0},{"bg":0,"fg":0},{"bg":0,"fg":0},{"bg":0,"fg":0},{"bg":0,"fg":0},{"bg":0,"fg":0},{"bg":0,"fg":0},{"bg":0,"fg":0},{"bg":0,"fg":0},{"bg":0,"fg":0},{"bg":0,"fg":0},{"bg":0,"fg":0},{"bg":0,"fg":0},{"bg":0,"fg":0},{"bg":0,"fg":0},{"bg":0,"fg":0},{"bg":0,"fg":0},{"bg":0,"fg":0},{"bg":0,"fg":0},{"bg":0,"fg":0},{"bg":0,"fg":0},{"bg":0,"fg":0},{"bg":0,"fg":0},{"bg":0,"fg":0},{"bg":0,"fg":0},{"bg":0,"fg":0},{"bg":0,"fg":0},{"bg":0,"fg":0},{"bg":0,"fg":0},{"bg":0,"fg":0},{"bg":0,"fg":0},{"bg":0,"fg":0},{"bg":0,"fg":0},{"bg":0,"fg":0},{"bg":0,"fg":0},{"bg":0,"fg":0},{"bg":0,"fg":0},{"bg":0,"fg":0},{"bg":0,"fg":0},{"bg":0,"fg":0},{"bg":0,"fg":0},{"bg":0,"fg":0},{"bg":0,"fg":0},{"bg":0,"fg":0},{"bg":0,"fg":0},{"bg":0,"fg":0},{"bg":0,"fg":0},{"bg":0,"fg":0},{"bg":0,"fg":0},{"bg":0,"fg":0},{"bg":0,"fg":0},{"bg":0,"fg":0},{"bg":0,"fg":0},{"bg":0,"fg":0},{"bg":0,"fg":0},{"bg":0,"fg":0},{"bg":0,"fg":0},{"bg":0,"fg":0},{"bg":0,"fg":0},{"bg":0,"fg":0},{"bg":0,"fg":0},{"bg":0,"fg":0},{"bg":0,"fg":0},{"bg":0,"fg":0},{"bg":0,"fg":0},{"bg":0,"fg":0},{"bg":0,"fg":0},{"bg":0,"fg":0},{"bg":0,"fg":0},{"bg":0,"fg":0},{"bg":0,"fg":0},{"bg":0,"fg":0},{"bg":0,"fg":0},{"bg":0,"fg":0},{"bg":0,"fg":0},{"bg":0,"fg":0},{"bg":0,"fg":0},{"bg":0,"fg":0},{"bg":0,"fg":0},{"bg":0,"fg":0},{"bg":0,"fg":0},{"bg":0,"fg":0},{"bg":0,"fg":0},{"bg":0,"fg":0},{"bg":0,"fg":0},{"bg":0,"fg":0},{"bg":0,"fg":0},{"bg":0,"fg":0},{"bg":0,"fg":0},{"bg":0,"fg":0},{"bg":0,"fg":0},{"bg":0,"fg":0},{"bg":0,"fg":0},{"bg":0,"fg":0},{"bg":0,"fg":0},{"bg":0,"fg":0},{"bg":0,"fg":0},{"bg":0,"fg":0},{"bg":0,"fg":0},{"bg":0,"fg":0},{"bg":0,"fg":0},{"bg":0,"fg":0},{"bg":0,"fg":0},{"bg":0,"fg":0},{"bg":0,"fg":0},{"bg":0,"fg":0},{"bg":0,"fg":0},{"bg":0,"fg":0},{"bg":0,"fg":0},{"bg":0,"fg":0},{"bg":0,"fg":0},{"bg":0,"fg":0},{"bg":0,"fg":0},{"bg":0,"fg":0},{"bg":0,"fg":0},{"bg":0,"fg":0},{"bg":0,"fg":0},{"bg":0,"fg":0},{"bg":0,"fg":0},{"bg":0,"fg":0},{"bg":0,"fg":0},{"bg":0,"fg":0},{"bg":0,"fg":0},{"bg":0,"fg":0},{"bg":0,"fg":0},{"bg":0,"fg":0},{"bg":0,"fg":0},{"bg":0,"fg":0},{"bg":0,"fg":0},{"bg":0,"fg":0},{"bg":0,"fg":0},{"bg":0,"fg":0},{"bg":0,"fg":0},{"bg":0,"fg":0},{"bg":0,"fg":0},{"bg":0,"fg":0},{"bg":0,"fg":0},{"bg":0,"fg":0},{"bg":0,"fg":0},{"bg":0,"fg":0},{"bg":0,"fg":0},{"bg":0,"fg":0},{"bg":0,"fg":0},{"bg":0,"fg":0},{"bg":0,"fg":0},{"bg":0,"fg":0},{"bg":0,"fg":0},{"bg":0,"fg":0},{"bg":0,"fg":0},{"bg":0,"fg":0},{"bg":0,"fg":0},{"bg":0,"fg":0},{"bg":0,"fg":0},{"bg":0,"fg":0},{"bg":0,"fg":0},{"bg":0,"fg":0},{"bg":0,"fg":0},{"bg":0,"fg":0},{"bg":0,"fg":0},{"bg":0,"fg":0},{"bg":0,"fg":0},{"bg":0,"fg":0},{"bg":0,"fg":0},{"bg":0,"fg":0},{"bg":0,"fg":0},{"bg":0,"fg":0},{"bg":0,"fg":0},{"bg":0,"fg":0},{"bg":0,"fg":0},{"bg":0,"fg":0},{"bg":0,"fg":0},{"bg":0,"fg":0},{"bg":0,"fg":0},{"bg":0,"fg":0},{"bg":0,"fg":0},{"bg":0,"fg":0},{"bg":0,"fg":0},{"bg":0,"fg":0},{"bg":0,"fg":0},{"bg":0,"fg":0},{"bg":0,"fg":0},{"bg":0,"fg":0},{"bg":0,"fg":0},{"bg":0,"fg":0},{"bg":0,"fg":0},{"bg":0,"fg":0},{"bg":0,"fg":0},{"bg":0,"fg":0},{"bg":0,"fg":0},{"bg":0,"fg":0},{"bg":0,"fg":0},{"bg":0,"fg":0},{"bg":0,"fg":0},{"bg":0,"fg":0},{"bg":0,"fg":0},{"bg":0,"fg":0},{"bg":0,"fg":0},{"bg":0,"fg":0},{"bg":0,"fg":0},{"bg":0,"fg":0},{"bg":0,"fg":0},{"bg":0,"fg":0},{"bg":0,"fg":0},{"bg":0,"fg":0},{"bg":0,"fg":0},{"bg":0,"fg":0},{"bg":0,"fg":0},{"bg":0,"fg":0},{"bg":0,"fg":0},{"bg":0,"fg":0},{"bg":0,"fg":0},{"bg":0,"fg":0},{"bg":0,"fg":0},{"bg":0,"fg":0},{"bg":0,"fg":0},{"bg":0,"fg":0},{"bg":0,"fg":0},{"bg":0,"fg":0},{"bg":0,"fg":0},{"bg":0,"fg":0},{"bg":0,"fg":0},{"bg":0,"fg":0},{"bg":0,"fg":0},{"bg":0,"fg":0},{"bg":0,"fg":0},{"bg":0,"fg":0},{"bg":0,"fg":0},{"bg":0,"fg":0},{"bg":0,"fg":0},{"bg":0,"fg":0},{"bg":0,"fg":0},{"bg":0,"fg":0},{"bg":0,"fg":0},{"bg":0,"fg":0},{"bg":0,"fg":0},{"bg":0,"fg":0},{"bg":0,"fg":0},{"bg":0,"fg":0},{"bg":0,"fg":0},{"bg":0,"fg":0},{"bg":0,"fg":0},{"bg":0,"fg":0},{"bg":0,"fg":0},{"bg":0,"fg":0},{"bg":0,"fg":0},{"bg":0,"fg":0},{"bg":0,"fg":0},{"bg":0,"fg":0},{"bg":0,"fg":0},{"bg":0,"fg":0},{"bg":0,"fg":0},{"bg":0,"fg":0},{"bg":0,"fg":0},{"bg":0,"fg":0},{"bg":0,"fg":0},{"bg":0,"fg":0},{"bg":0,"fg":0},{"bg":0,"fg":0},{"bg":0,"fg":0},{"bg":0,"fg":0},{"bg":0,"fg":0},{"bg":0,"fg":0},{"bg":0,"fg":0},{"bg":0,"fg":0},{"bg":0,"fg":0},{"bg":0,"fg":0},{"bg":0,"fg":0},{"bg":0,"fg":0},{"bg":0,"fg":0},{"bg":0,"fg":0},{"bg":0,"fg":0},{"bg":0,"fg":0},{"bg":0,"fg":0},{"bg":0,"fg":0},{"bg":0,"fg":0},{"bg":0,"fg":0},{"bg":0,"fg":0},{"bg":0,"fg":0},{"bg":0,"fg":0},{"bg":0,"fg":0},{"bg":0,"fg":0},{"bg":0,"fg":0},{"bg":0,"fg":0},{"bg":0,"fg":0},{"bg":0,"fg":0},{"bg":0,"fg":0},{"bg":0,"fg":0},{"bg":0,"fg":0},{"bg":0,"fg":0},{"bg":0,"fg":0},{"bg":0,"fg":0},{"bg":0,"fg":0},{"bg":0,"fg":0},{"bg":0,"fg":0},{"bg":0,"fg":0},{"bg":0,"fg":0},{"bg":0,"fg":0},{"bg":0,"fg":0},{"bg":0,"fg":0},{"bg":0,"fg":0},{"bg":0,"fg":0},{"bg":0,"fg":0},{"bg":0,"fg":0},{"bg":0,"fg":0},{"bg":0,"fg":0},{"bg":0,"fg":0},{"bg":0,"fg":0},{"bg":0,"fg":0},{"bg":0,"fg":0},{"bg":0,"fg":0},{"bg":0,"fg":0},{"bg":0,"fg":0},{"bg":0,"fg":0},{"bg":0,"fg":0},{"bg":0,"fg":0},{"bg":0,"fg":0},{"bg":0,"fg":0},{"bg":0,"fg":0},{"bg":0,"fg":0},{"bg":0,"fg":0},{"bg":0,"fg":0},{"bg":0,"fg":0},{"bg":0,"fg":0},{"bg":0,"fg":0},{"bg":0,"fg":0},{"bg":0,"fg":0},{"bg":0,"fg":0},{"bg":0,"fg":0},{"bg":0,"fg":0},{"bg":0,"fg":0},{"bg":0,"fg":0},{"bg":0,"fg":0},{"bg":0,"fg":0},{"bg":0,"fg":0},{"bg":0,"fg":0},{"bg":0,"fg":0},{"bg":0,"fg":0},{"bg":0,"fg":0},{"bg":0,"fg":0},{"bg":0,"fg":0},{"bg":0,"fg":0},{"bg":0,"fg":0},{"bg":0,"fg":0},{"bg":0,"fg":0},{"bg":0,"fg":0},{"bg":0,"fg":0},{"bg":0,"fg":0},{"bg":0,"fg":0},{"bg":0,"fg":0},{"bg":0,"fg":0},{"bg":0,"fg":0},{"bg":0,"fg":0},{"bg":0,"fg":0},{"bg":0,"fg":0},{"bg":0,"fg":0},{"bg":0,"fg":0},{"bg":0,"fg":0},{"bg":0,"fg":0},{"bg":0,"fg":0},{"bg":0,"fg":0},{"bg":0,"fg":0},{"bg":0,"fg":0},{"bg":0,"fg":0},{"bg":0,"fg":0},{"bg":0,"fg":0},{"bg":0,"fg":0},{"bg":0,"fg":0},{"bg":0,"fg":0},{"bg":0,"fg":0},{"bg":0,"fg":0},{"bg":0,"fg":0},{"bg":0,"fg":0},{"bg":0,"fg":0},{"bg":0,"fg":0},{"bg":0,"fg":0},{"bg":0,"fg":0},{"bg":0,"fg":0},{"bg":0,"fg":0},{"bg":0,"fg":0},{"bg":0,"fg":0},{"bg":0,"fg":0},{"bg":0,"fg":0},{"bg":0,"fg":0},{"bg":0,"fg":0},{"bg":0,"fg":0},{"bg":0,"fg":0},{"bg":0,"fg":0},{"bg":0,"fg":0},{"bg":0,"fg":0},{"bg":0,"fg":0},{"bg":0,"fg":0},{"bg":0,"fg":0},{"bg":0,"fg":0},{"bg":0,"fg":0},{"bg":0,"fg":0},{"bg":0,"fg":0},{"bg":0,"fg":0},{"bg":0,"fg":0},{"bg":0,"fg":0},{"bg":0,"fg":0},{"bg":0,"fg":0},{"bg":0,"fg":0},{"bg":0,"fg":0},{"bg":0,"fg":0},{"bg":0,"fg":0},{"bg":0,"fg":0},{"bg":0,"fg":0},{"bg":0,"fg":0},{"bg":0,"fg":0},{"bg":0,"fg":0},{"bg":0,"fg":0},{"bg":0,"fg":0},{"bg":0,"fg":0},{"bg":0,"fg":0},{"bg":0,"fg":0},{"bg":0,"fg":0},{"bg":0,"fg":0},{"bg":0,"fg":0},{"bg":0,"fg":0},{"bg":0,"fg":0},{"bg":0,"fg":0},{"bg":0,"fg":0},{"bg":0,"fg":0},{"bg":0,"fg":0},{"bg":0,"fg":0},{"bg":0,"fg":0},{"bg":0,"fg":0},{"bg":0,"fg":0},{"bg":0,"fg":0},{"bg":0,"fg":0},{"bg":0,"fg":0},{"bg":0,"fg":0},{"bg":0,"fg":0},{"bg":0,"fg":0},{"bg":0,"fg":0},{"bg":0,"fg":0},{"bg":0,"fg":0},{"bg":0,"fg":0},{"bg":0,"fg":0},{"bg":0,"fg":0},{"bg":0,"fg":0},{"bg":0,"fg":0},{"bg":0,"fg":0},{"bg":0,"fg":0},{"bg":0,"fg":0},{"bg":0,"fg":0},{"bg":0,"fg":0},{"bg":0,"fg":0},{"bg":0,"fg":0},{"bg":0,"fg":0},{"bg":0,"fg":0},{"bg":0,"fg":0},{"bg":0,"fg":0},{"bg":0,"fg":0},{"bg":0,"fg":0},{"bg":0,"fg":0},{"bg":0,"fg":0},{"bg":0,"fg":0},{"bg":0,"fg":0},{"bg":0,"fg":0},{"bg":0,"fg":0},{"bg":0,"fg":0},{"bg":0,"fg":0},{"bg":0,"fg":0},{"bg":0,"fg":0},{"bg":0,"fg":0},{"bg":0,"fg":0},{"bg":0,"fg":0},{"bg":0,"fg":0},{"bg":0,"fg":0},{"bg":0,"fg":0},{"bg":0,"fg":0},{"bg":0,"fg":0},{"bg":0,"fg":0},{"bg":0,"fg":0},{"bg":0,"fg":0},{"bg":0,"fg":0},{"bg":0,"fg":0},{"bg":0,"fg":0},{"bg":0,"fg":0},{"bg":0,"fg":0},{"bg":0,"fg":0},{"bg":0,"fg":0},{"bg":0,"fg":0},{"bg":0,"fg":0},{"bg":0,"fg":0},{"bg":0,"fg":0},{"bg":0,"fg":0},{"bg":0,"fg":0},{"bg":0,"fg":0},{"bg":0,"fg":0},{"bg":0,"fg":0},{"bg":0,"fg":0},{"bg":0,"fg":0},{"bg":0,"fg":0},{"bg":0,"fg":0},{"bg":0,"fg":0},{"bg":0,"fg":0},{"bg":0,"fg":0},{"bg":0,"fg":0},{"bg":0,"fg":0},{"bg":0,"fg":0},{"bg":0,"fg":0},{"bg":0,"fg":0},{"bg":0,"fg":0},{"bg":0,"fg":0},{"bg":0,"fg":0},{"bg":0,"fg":0},{"bg":0,"fg":0},{"bg":0,"fg":0},{"bg":0,"fg":0},{"bg":0,"fg":0},{"bg":0,"fg":0},{"bg":0,"fg":0},{"bg":0,"fg":0},{"bg":0,"fg":0},{"bg":0,"fg":0},{"bg":0,"fg":0},{"bg":0,"fg":0},{"bg":0,"fg":0},{"bg":0,"fg":0},{"bg":0,"fg":0},{"bg":0,"fg":0},{"bg":0,"fg":0},{"bg":0,"fg":0},{"bg":0,"fg":0},{"bg":0,"fg":0},{"bg":0,"fg":0},{"bg":0,"fg":0},{"bg":0,"fg":0},{"bg":0,"fg":0},{"bg":0,"fg":0},{"bg":0,"fg":0},{"bg":0,"fg":0},{"bg":0,"fg":0},{"bg":0,"fg":0},{"bg":0,"fg":0},{"bg":0,"fg":0},{"bg":0,"fg":0},{"bg":0,"fg":0},{"bg":0,"fg":0},{"bg":0,"fg":0},{"bg":0,"fg":0},{"bg":0,"fg":0},{"bg":0,"fg":0},{"bg":0,"fg":0},{"bg":0,"fg":0},{"bg":0,"fg":0},{"bg":0,"fg":0},{"bg":0,"fg":0},{"bg":0,"fg":0},{"bg":0,"fg":0},{"bg":0,"fg":0},{"bg":0,"fg":0},{"bg":0,"fg":0},{"bg":0,"fg":0},{"bg":0,"fg":0},{"bg":0,"fg":0},{"bg":0,"fg":0},{"bg":0,"fg":0},{"bg":0,"fg":0},{"bg":0,"fg":0},{"bg":0,"fg":0},{"bg":0,"fg":0},{"bg":0,"fg":0},{"bg":0,"fg":0},{"bg":0,"fg":0},{"bg":0,"fg":0},{"bg":0,"fg":0},{"bg":0,"fg":0},{"bg":0,"fg":0},{"bg":0,"fg":0},{"bg":0,"fg":0},{"bg":0,"fg":0},{"bg":0,"fg":0},{"bg":0,"fg":0},{"bg":0,"fg":0},{"bg":0,"fg":0},{"bg":0,"fg":0},{"bg":0,"fg":0},{"bg":0,"fg":0},{"bg":0,"fg":0},{"bg":0,"fg":0},{"bg":0,"fg":0},{"bg":0,"fg":0},{"bg":0,"fg":0},{"bg":0,"fg":0},{"bg":0,"fg":0},{"bg":0,"fg":0},{"bg":0,"fg":0},{"bg":0,"fg":0},{"bg":0,"fg":0},{"bg":0,"fg":0},{"bg":0,"fg":0},{"bg":0,"fg":0},{"bg":0,"fg":0},{"bg":0,"fg":0},{"bg":0,"fg":0},{"bg":0,"fg":0},{"bg":0,"fg":0},{"bg":0,"fg":0},{"bg":0,"fg":0},{"bg":0,"fg":0},{"bg":0,"fg":0},{"bg":0,"fg":0},{"bg":0,"fg":0},{"bg":0,"fg":0},{"bg":0,"fg":0},{"bg":0,"fg":0},{"bg":0,"fg":0},{"bg":0,"fg":0},{"bg":0,"fg":0},{"bg":0,"fg":0},{"bg":0,"fg":0},{"bg":0,"fg":0},{"bg":0,"fg":0},{"bg":0,"fg":0},{"bg":0,"fg":0},{"bg":0,"fg":0},{"bg":0,"fg":0},{"bg":0,"fg":0},{"bg":0,"fg":0},{"bg":0,"fg":0},{"bg":0,"fg":0},{"bg":0,"fg":0},{"bg":0,"fg":0},{"bg":0,"fg":0},{"bg":0,"fg":0},{"bg":0,"fg":0},{"bg":0,"fg":0},{"bg":0,"fg":0},{"bg":0,"fg":0},{"bg":0,"fg":0},{"bg":0,"fg":0},{"bg":0,"fg":0},{"bg":0,"fg":0},{"bg":0,"fg":0},{"bg":0,"fg":0},{"bg":0,"fg":0},{"bg":0,"fg":0},{"bg":0,"fg":0},{"bg":0,"fg":0},{"bg":0,"fg":0},{"bg":0,"fg":0},{"bg":0,"fg":0},{"bg":0,"fg":0},{"bg":0,"fg":0},{"bg":0,"fg":0},{"bg":0,"fg":0},{"bg":0,"fg":0},{"bg":0,"fg":0},{"bg":0,"fg":0},{"bg":0,"fg":0},{"bg":0,"fg":0},{"bg":0,"fg":0},{"bg":0,"fg":0},{"bg":0,"fg":0},{"bg":0,"fg":0},{"bg":0,"fg":0},{"bg":0,"fg":0},{"bg":0,"fg":0},{"bg":0,"fg":0},{"bg":0,"fg":0},{"bg":0,"fg":0},{"bg":0,"fg":0},{"bg":0,"fg":0},{"bg":0,"fg":0},{"bg":0,"fg":0},{"bg":0,"fg":0},{"bg":0,"fg":0},{"bg":0,"fg":0},{"bg":0,"fg":0},{"bg":0,"fg":0},{"bg":0,"fg":0},{"bg":0,"fg":0},{"bg":0,"fg":0},{"bg":0,"fg":0},{"bg":0,"fg":0},{"bg":0,"fg":0},{"bg":0,"fg":0},{"bg":0,"fg":0},{"bg":0,"fg":0},{"bg":0,"fg":0},{"bg":0,"fg":0},{"bg":0,"fg":0},{"bg":0,"fg":0},{"bg":0,"fg":0},{"bg":0,"fg":0},{"bg":0,"fg":0},{"bg":0,"fg":0},{"bg":0,"fg":0},{"bg":0,"fg":0},{"bg":0,"fg":0},{"bg":0,"fg":0},{"bg":0,"fg":0},{"bg":0,"fg":0},{"bg":0,"fg":0},{"bg":0,"fg":0},{"bg":0,"fg":0},{"bg":0,"fg":0},{"bg":0,"fg":0},{"bg":0,"fg":0},{"bg":0,"fg":0},{"bg":0,"fg":0},{"bg":0,"fg":0},{"bg":0,"fg":0},{"bg":0,"fg":0},{"bg":0,"fg":0},{"bg":0,"fg":0},{"bg":0,"fg":0},{"bg":0,"fg":0},{"bg":0,"fg":0},{"bg":0,"fg":0},{"bg":0,"fg":0},{"bg":0,"fg":0},{"bg":0,"fg":0},{"bg":0,"fg":0},{"bg":0,"fg":0},{"bg":0,"fg":0},{"bg":0,"fg":0},{"bg":0,"fg":0},{"bg":0,"fg":0},{"bg":0,"fg":0},{"bg":0,"fg":0},{"bg":0,"fg":0},{"bg":0,"fg":0},{"bg":0,"fg":0},{"bg":0,"fg":0},{"bg":0,"fg":0},{"bg":0,"fg":0},{"bg":0,"fg":0},{"bg":0,"fg":0},{"bg":0,"fg":0},{"bg":0,"fg":0},{"bg":0,"fg":0},{"bg":0,"fg":0},{"bg":0,"fg":0},{"bg":0,"fg":0},{"bg":0,"fg":0},{"bg":0,"fg":0},{"bg":0,"fg":0},{"bg":0,"fg":0},{"bg":0,"fg":0},{"bg":0,"fg":0},{"bg":0,"fg":0},{"bg":0,"fg":0},{"bg":0,"fg":0},{"bg":0,"fg":0},{"bg":0,"fg":0},{"bg":0,"fg":0},{"bg":0,"fg":0},{"bg":0,"fg":0},{"bg":0,"fg":0},{"bg":0,"fg":0},{"bg":0,"fg":0},{"bg":0,"fg":0},{"bg":0,"fg":0},{"bg":0,"fg":0},{"bg":0,"fg":0},{"bg":0,"fg":0},{"bg":0,"fg":0},{"bg":0,"fg":0},{"bg":0,"fg":0},{"bg":0,"fg":0},{"bg":0,"fg":0},{"bg":0,"fg":0},{"bg":0,"fg":0},{"bg":0,"fg":0},{"bg":0,"fg":0},{"bg":0,"fg":0},{"bg":0,"fg":0},{"bg":0,"fg":0},{"bg":0,"fg":0},{"bg":0,"fg":0},{"bg":0,"fg":0},{"bg":0,"fg":0},{"bg":0,"fg":0},{"bg":0,"fg":0},{"bg":0,"fg":0},{"bg":0,"fg":0},{"bg":0,"fg":0},{"bg":0,"fg":0},{"bg":0,"fg":0},{"bg":0,"fg":0},{"bg":0,"fg":0},{"bg":0,"fg":0},{"bg":0,"fg":0},{"bg":0,"fg":0},{"bg":0,"fg":0},{"bg":0,"fg":0},{"bg":0,"fg":0},{"bg":0,"fg":0},{"bg":0,"fg":0},{"bg":0,"fg":0},{"bg":0,"fg":0},{"bg":0,"fg":0},{"bg":0,"fg":0},{"bg":0,"fg":0},{"bg":0,"fg":0},{"bg":0,"fg":0},{"bg":0,"fg":0},{"bg":0,"fg":0},{"bg":0,"fg":0},{"bg":0,"fg":0},{"bg":0,"fg":0},{"bg":0,"fg":0},{"bg":0,"fg":0},{"bg":0,"fg":0},{"bg":0,"fg":0},{"bg":0,"fg":0},{"bg":0,"fg":0},{"bg":0,"fg":0},{"bg":0,"fg":0},{"bg":0,"fg":0},{"bg":0,"fg":0},{"bg":0,"fg":0},{"bg":0,"fg":0},{"bg":0,"fg":0},{"bg":0,"fg":0},{"bg":0,"fg":0},{"bg":0,"fg":0},{"bg":0,"fg":0},{"bg":0,"fg":0},{"bg":0,"fg":0},{"bg":0,"fg":0},{"bg":0,"fg":0},{"bg":0,"fg":0},{"bg":0,"fg":0},{"bg":0,"fg":0},{"bg":0,"fg":0},{"bg":0,"fg":0},{"bg":0,"fg":0},{"bg":0,"fg":0},{"bg":0,"fg":0},{"bg":0,"fg":0},{"bg":0,"fg":0},{"bg":0,"fg":0},{"bg":0,"fg":0},{"bg":0,"fg":0},{"bg":0,"fg":0},{"bg":0,"fg":0},{"bg":0,"fg":0},{"bg":0,"fg":0},{"bg":0,"fg":0},{"bg":0,"fg":0},{"bg":0,"fg":0},{"bg":0,"fg":0},{"bg":0,"fg":0},{"bg":0,"fg":0},{"bg":0,"fg":0},{"bg":0,"fg":0},{"bg":0,"fg":0},{"bg":0,"fg":0},{"bg":0,"fg":0},{"bg":0,"fg":0},{"bg":0,"fg":0},{"bg":0,"fg":0},{"bg":0,"fg":0},{"bg":0,"fg":0},{"bg":0,"fg":0},{"bg":0,"fg":0},{"bg":0,"fg":0},{"bg":0,"fg":0},{"bg":0,"fg":0},{"bg":0,"fg":0},{"bg":0,"fg":0},{"bg":0,"fg":0},{"bg":0,"fg":0},{"bg":0,"fg":0},{"bg":0,"fg":0},{"bg":0,"fg":0},{"bg":0,"fg":0},{"bg":0,"fg":0},{"bg":0,"fg":0},{"bg":0,"fg":0},{"bg":0,"fg":0},{"bg":0,"fg":0},{"bg":0,"fg":0},{"bg":0,"fg":0},{"bg":0,"fg":0},{"bg":0,"fg":0},{"bg":0,"fg":0},{"bg":0,"fg":0},{"bg":0,"fg":0},{"bg":0,"fg":0},{"bg":0,"fg":0},{"bg":0,"fg":0},{"bg":0,"fg":0},{"bg":0,"fg":0},{"bg":0,"fg":0},{"bg":0,"fg":0},{"bg":0,"fg":0},{"bg":0,"fg":0},{"bg":0,"fg":0},{"bg":0,"fg":0},{"bg":0,"fg":0},{"bg":0,"fg":0},{"bg":0,"fg":0},{"bg":0,"fg":0},{"bg":0,"fg":0},{"bg":0,"fg":0},{"bg":0,"fg":0},{"bg":0,"fg":0},{"bg":0,"fg":0},{"bg":0,"fg":0},{"bg":0,"fg":0},{"bg":0,"fg":0},{"bg":0,"fg":0},{"bg":0,"fg":0},{"bg":0,"fg":0},{"bg":0,"fg":0},{"bg":0,"fg":0},{"bg":0,"fg":0},{"bg":0,"fg":0},{"bg":0,"fg":0},{"bg":0,"fg":0},{"bg":0,"fg":0},{"bg":0,"fg":0},{"bg":0,"fg":0},{"bg":0,"fg":0},{"bg":0,"fg":0},{"bg":0,"fg":0},{"bg":0,"fg":0},{"bg":0,"fg":0},{"bg":0,"fg":0},{"bg":0,"fg":0},{"bg":0,"fg":0},{"bg":0,"fg":0},{"bg":0,"fg":0},{"bg":0,"fg":0},{"bg":0,"fg":0},{"bg":0,"fg":0},{"bg":0,"fg":0},{"bg":0,"fg":0},{"bg":0,"fg":0},{"bg":0,"fg":0},{"bg":0,"fg":0},{"bg":0,"fg":0},{"bg":0,"fg":0},{"bg":0,"fg":0},{"bg":0,"fg":0},{"bg":0,"fg":0},{"bg":0,"fg":0},{"bg":0,"fg":0},{"bg":0,"fg":0},{"bg":0,"fg":0},{"bg":0,"fg":0},{"bg":0,"fg":0},{"bg":0,"fg":0},{"bg":0,"fg":0},{"bg":0,"fg":0},{"bg":0,"fg":0},{"bg":0,"fg":0},{"bg":0,"fg":0},{"bg":0,"fg":0},{"bg":0,"fg":0},{"bg":0,"fg":0},{"bg":0,"fg":0},{"bg":0,"fg":0},{"bg":0,"fg":0},{"bg":0,"fg":0},{"bg":0,"fg":0},{"bg":0,"fg":0},{"bg":0,"fg":0},{"bg":0,"fg":0},{"bg":0,"fg":0},{"bg":0,"fg":0},{"bg":0,"fg":0},{"bg":0,"fg":0},{"bg":0,"fg":0},{"bg":0,"fg":0},{"bg":0,"fg":0},{"bg":0,"fg":0},{"bg":0,"fg":0},{"bg":0,"fg":0},{"bg":0,"fg":0},{"bg":0,"fg":0},{"bg":0,"fg":0},{"bg":0,"fg":0},{"bg":0,"fg":0},{"bg":0,"fg":0},{"bg":0,"fg":0},{"bg":0,"fg":0},{"bg":0,"fg":0},{"bg":0,"fg":0},{"bg":0,"fg":0},{"bg":0,"fg":0},{"bg":0,"fg":0},{"bg":0,"fg":0},{"bg":0,"fg":0},{"bg":0,"fg":0},{"bg":0,"fg":0},{"bg":0,"fg":0},{"bg":0,"fg":0},{"bg":0,"fg":0},{"bg":0,"fg":0},{"bg":0,"fg":0},{"bg":0,"fg":0},{"bg":0,"fg":0},{"bg":0,"fg":0},{"bg":0,"fg":0},{"bg":0,"fg":0},{"bg":0,"fg":0},{"bg":0,"fg":0},{"bg":0,"fg":0},{"bg":0,"fg":0},{"bg":0,"fg":0},{"bg":0,"fg":0},{"bg":0,"fg":0},{"bg":0,"fg":0},{"bg":0,"fg":0},{"bg":0,"fg":0},{"bg":0,"fg":0},{"bg":0,"fg":0},{"bg":0,"fg":0},{"bg":0,"fg":0},{"bg":0,"fg":0},{"bg":0,"fg":0},{"bg":0,"fg":0},{"bg":0,"fg":0},{"bg":0,"fg":0},{"bg":0,"fg":0},{"bg":0,"fg":0},{"bg":0,"fg":0},{"bg":0,"fg":0},{"bg":0,"fg":0},{"bg":0,"fg":0},{"bg":0,"fg":0},{"bg":0,"fg":0},{"bg":0,"fg":0},{"bg":0,"fg":0},{"bg":0,"fg":0},{"bg":0,"fg":0},{"bg":0,"fg":0},{"bg":0,"fg":0},{"bg":0,"fg":0},{"bg":0,"fg":0},{"bg":0,"fg":0},{"bg":0,"fg":0},{"bg":0,"fg":0},{"bg":0,"fg":0},{"bg":0,"fg":0},{"bg":0,"fg":0},{"bg":0,"fg":0},{"bg":0,"fg":0},{"bg":0,"fg":0},{"bg":0,"fg":0},{"bg":0,"fg":0},{"bg":0,"fg":0},{"bg":0,"fg":0},{"bg":0,"fg":0},{"bg":0,"fg":0},{"bg":0,"fg":0},{"bg":0,"fg":0},{"bg":0,"fg":0},{"bg":0,"fg":0},{"bg":0,"fg":0},{"bg":0,"fg":0},{"bg":0,"fg":0},{"bg":0,"fg":0},{"bg":0,"fg":0},{"bg":0,"fg":0},{"bg":0,"fg":0},{"bg":0,"fg":0},{"bg":0,"fg":0},{"bg":0,"fg":0},{"bg":0,"fg":0},{"bg":0,"fg":0},{"bg":0,"fg":0},{"bg":0,"fg":0},{"bg":0,"fg":0},{"bg":0,"fg":0},{"bg":0,"fg":0},{"bg":0,"fg":0},{"bg":0,"fg":0},{"bg":0,"fg":0},{"bg":0,"fg":0},{"bg":0,"fg":0},{"bg":0,"fg":0},{"bg":0,"fg":0},{"bg":0,"fg":0},{"bg":0,"fg":0},{"bg":0,"fg":0},{"bg":0,"fg":0},{"bg":0,"fg":0},{"bg":0,"fg":0},{"bg":0,"fg":0},{"bg":0,"fg":0},{"bg":0,"fg":0},{"bg":0,"fg":0},{"bg":0,"fg":0},{"bg":0,"fg":0},{"bg":0,"fg":0},{"bg":0,"fg":0},{"bg":0,"fg":0},{"bg":0,"fg":0},{"bg":0,"fg":0},{"bg":0,"fg":0},{"bg":0,"fg":0},{"bg":0,"fg":0},{"bg":0,"fg":0},{"bg":0,"fg":0},{"bg":0,"fg":0},{"bg":0,"fg":0},{"bg":0,"fg":0},{"bg":0,"fg":0},{"bg":0,"fg":0},{"bg":0,"fg":0},{"bg":0,"fg":0},{"bg":0,"fg":0},{"bg":0,"fg":0},{"bg":0,"fg":0},{"bg":0,"fg":0},{"bg":0,"fg":0},{"bg":0,"fg":0},{"bg":0,"fg":0},{"bg":0,"fg":0},{"bg":0,"fg":0},{"bg":0,"fg":0},{"bg":0,"fg":0},{"bg":0,"fg":0},{"bg":0,"fg":0},{"bg":0,"fg":0},{"bg":0,"fg":0},{"bg":0,"fg":0},{"bg":0,"fg":0},{"bg":0,"fg":0},{"bg":0,"fg":0},{"bg":0,"fg":0},{"bg":0,"fg":0},{"bg":0,"fg":0},{"bg":0,"fg":0},{"bg":0,"fg":0},{"bg":0,"fg":0},{"bg":0,"fg":0},{"bg":0,"fg":0},{"bg":0,"fg":0},{"bg":0,"fg":0},{"bg":0,"fg":0},{"bg":0,"fg":0},{"bg":0,"fg":0},{"bg":0,"fg":0},{"bg":0,"fg":0},{"bg":0,"fg":0},{"bg":0,"fg":0},{"bg":0,"fg":0},{"bg":0,"fg":0},{"bg":0,"fg":0},{"bg":0,"fg":0},{"bg":0,"fg":0},{"bg":0,"fg":0},{"bg":0,"fg":0},{"bg":0,"fg":0},{"bg":0,"fg":0},{"bg":0,"fg":0},{"bg":0,"fg":0},{"bg":0,"fg":0},{"bg":0,"fg":0},{"bg":0,"fg":0},{"bg":0,"fg":0},{"bg":0,"fg":0},{"bg":0,"fg":0},{"bg":0,"fg":0},{"bg":0,"fg":0},{"bg":0,"fg":0},{"bg":0,"fg":0},{"bg":0,"fg":0},{"bg":0,"fg":0},{"bg":0,"fg":0},{"bg":0,"fg":0},{"bg":0,"fg":0},{"bg":0,"fg":0},{"bg":0,"fg":0},{"bg":0,"fg":0},{"bg":0,"fg":0},{"bg":0,"fg":0},{"bg":0,"fg":0},{"bg":0,"fg":0},{"bg":0,"fg":0},{"bg":0,"fg":0},{"bg":0,"fg":0},{"bg":0,"fg":0},{"bg":0,"fg":0},{"bg":0,"fg":0},{"bg":0,"fg":0},{"bg":0,"fg":0},{"bg":0,"fg":0},{"bg":0,"fg":0},{"bg":0,"fg":0},{"bg":0,"fg":0},{"bg":0,"fg":0},{"bg":0,"fg":0},{"bg":0,"fg":0},{"bg":0,"fg":0},{"bg":0,"fg":0},{"bg":0,"fg":0},{"bg":0,"fg":0},{"bg":0,"fg":0},{"bg":0,"fg":0},{"bg":0,"fg":0},{"bg":0,"fg":0},{"bg":0,"fg":0},{"bg":0,"fg":0},{"bg":0,"fg":0},{"bg":0,"fg":0},{"bg":0,"fg":0},{"bg":0,"fg":0},{"bg":0,"fg":0},{"bg":0,"fg":0},{"bg":0,"fg":0},{"bg":0,"fg":0},{"bg":0,"fg":0},{"bg":0,"fg":0},{"bg":0,"fg":0},{"bg":0,"fg":0},{"bg":0,"fg":0},{"bg":0,"fg":0},{"bg":0,"fg":0},{"bg":0,"fg":0},{"bg":0,"fg":0},{"bg":0,"fg":0},{"bg":0,"fg":0},{"bg":0,"fg":0},{"bg":0,"fg":0},{"bg":0,"fg":0},{"bg":0,"fg":0},{"bg":0,"fg":0},{"bg":0,"fg":0},{"bg":0,"fg":0},{"bg":0,"fg":0},{"bg":0,"fg":0},{"bg":0,"fg":0},{"bg":0,"fg":0},{"bg":0,"fg":0},{"bg":0,"fg":0},{"bg":0,"fg":0},{"bg":0,"fg":0},{"bg":0,"fg":0},{"bg":0,"fg":0},{"bg":0,"fg":0},{"bg":0,"fg":0},{"bg":0,"fg":0},{"bg":0,"fg":0},{"bg":0,"fg":0},{"bg":0,"fg":0},{"bg":0,"fg":0},{"bg":0,"fg":0},{"bg":0,"fg":0},{"bg":0,"fg":0},{"bg":0,"fg":0},{"bg":0,"fg":0},{"bg":0,"fg":0},{"bg":0,"fg":0},{"bg":0,"fg":0},{"bg":0,"fg":0},{"bg":0,"fg":0},{"bg":0,"fg":0},{"bg":0,"fg":0},{"bg":0,"fg":0},{"bg":0,"fg":0},{"bg":0,"fg":0},{"bg":0,"fg":0},{"bg":0,"fg":0},{"bg":0,"fg":0},{"bg":0,"fg":0},{"bg":0,"fg":0},{"bg":0,"fg":0},{"bg":0,"fg":0},{"bg":0,"fg":0},{"bg":0,"fg":0},{"bg":0,"fg":0},{"bg":0,"fg":0},{"bg":0,"fg":0},{"bg":0,"fg":0},{"bg":0,"fg":0},{"bg":0,"fg":0},{"bg":0,"fg":0},{"bg":0,"fg":0},{"bg":0,"fg":0},{"bg":0,"fg":0},{"bg":0,"fg":0},{"bg":0,"fg":0},{"bg":0,"fg":0},{"bg":0,"fg":0},{"bg":0,"fg":0},{"bg":0,"fg":0},{"bg":0,"fg":0},{"bg":0,"fg":0},{"bg":0,"fg":0},{"bg":0,"fg":0},{"bg":0,"fg":0},{"bg":0,"fg":0},{"bg":0,"fg":0},{"bg":0,"fg":0},{"bg":0,"fg":0},{"bg":0,"fg":0},{"bg":0,"fg":0},{"bg":0,"fg":0},{"bg":0,"fg":0},{"bg":0,"fg":0},{"bg":0,"fg":0},{"bg":0,"fg":0},{"bg":0,"fg":0},{"bg":0,"fg":0},{"bg":0,"fg":0},{"bg":0,"fg":0},{"bg":0,"fg":0},{"bg":0,"fg":0},{"bg":0,"fg":0},{"bg":0,"fg":0},{"bg":0,"fg":0},{"bg":0,"fg":0},{"bg":0,"fg":0},{"bg":0,"fg":0},{"bg":0,"fg":0},{"bg":0,"fg":0},{"bg":0,"fg":0},{"bg":0,"fg":0},{"bg":0,"fg":0},{"bg":0,"fg":0},{"bg":0,"fg":0},{"bg":0,"fg":0},{"bg":0,"fg":0},{"bg":0,"fg":0},{"bg":0,"fg":0},{"bg":0,"fg":0},{"bg":0,"fg":0},{"bg":0,"fg":0},{"bg":0,"fg":0},{"bg":0,"fg":0},{"bg":0,"fg":0},{"bg":0,"fg":0},{"bg":0,"fg":0},{"bg":0,"fg":0},{"bg":0,"fg":0},{"bg":0,"fg":0},{"bg":0,"fg":0},{"bg":0,"fg":0},{"bg":0,"fg":0},{"bg":0,"fg":0},{"bg":0,"fg":0},{"bg":0,"fg":0},{"bg":0,"fg":0},{"bg":0,"fg":0},{"bg":0,"fg":0},{"bg":0,"fg":0},{"bg":0,"fg":0},{"bg":0,"fg":0},{"bg":0,"fg":0},{"bg":0,"fg":0},{"bg":0,"fg":0},{"bg":0,"fg":0},{"bg":0,"fg":0},{"bg":0,"fg":0},{"bg":0,"fg":0},{"bg":0,"fg":0},{"bg":0,"fg":0},{"bg":0,"fg":0},{"bg":0,"fg":0},{"bg":0,"fg":0},{"bg":0,"fg":0},{"bg":0,"fg":0},{"bg":0,"fg":0},{"bg":0,"fg":0},{"bg":0,"fg":0},{"bg":0,"fg":0},{"bg":0,"fg":0},{"bg":0,"fg":0},{"bg":0,"fg":0},{"bg":0,"fg":0},{"bg":0,"fg":0},{"bg":0,"fg":0},{"bg":0,"fg":0},{"bg":0,"fg":0},{"bg":0,"fg":0},{"bg":0,"fg":0},{"bg":0,"fg":0},{"bg":0,"fg":0},{"bg":0,"fg":0},{"bg":0,"fg":0},{"bg":0,"fg":0},{"bg":0,"fg":0},{"bg":0,"fg":0},{"bg":0,"fg":0},{"bg":0,"fg":0},{"bg":0,"fg":0},{"bg":0,"fg":0},{"bg":0,"fg":0},{"bg":0,"fg":0},{"bg":0,"fg":0},{"bg":0,"fg":0},{"bg":0,"fg":0},{"bg":0,"fg":0},{"bg":0,"fg":0},{"bg":0,"fg":0},{"bg":0,"fg":0},{"bg":0,"fg":0},{"bg":0,"fg":0},{"bg":0,"fg":0},{"bg":0,"fg":0},{"bg":0,"fg":0},{"bg":0,"fg":0},{"bg":0,"fg":0},{"bg":0,"fg":0},{"bg":0,"fg":0},{"bg":0,"fg":0},{"bg":0,"fg":0},{"bg":0,"fg":0},{"bg":0,"fg":0},{"bg":0,"fg":0},{"bg":0,"fg":0},{"bg":0,"fg":0},{"bg":0,"fg":0},{"bg":0,"fg":0},{"bg":0,"fg":0},{"bg":0,"fg":0},{"bg":0,"fg":0},{"bg":0,"fg":0},{"bg":0,"fg":0},{"bg":0,"fg":0},{"bg":0,"fg":0},{"bg":0,"fg":0},{"bg":0,"fg":0},{"bg":0,"fg":0},{"bg":0,"fg":0},{"bg":0,"fg":0},{"bg":0,"fg":0},{"bg":0,"fg":0},{"bg":0,"fg":0},{"bg":0,"fg":0},{"bg":0,"fg":0},{"bg":0,"fg":0},{"bg":0,"fg":0},{"bg":0,"fg":0},{"bg":0,"fg":0},{"bg":0,"fg":0},{"bg":0,"fg":0},{"bg":0,"fg":0},{"bg":0,"fg":0},{"bg":0,"fg":0},{"bg":0,"fg":0},{"bg":0,"fg":0},{"bg":0,"fg":0},{"bg":0,"fg":0},{"bg":0,"fg":0},{"bg":0,"fg":0},{"bg":0,"fg":0},{"bg":0,"fg":0},{"bg":0,"fg":0},{"bg":0,"fg":0},{"bg":0,"fg":0},{"bg":0,"fg":0},{"bg":0,"fg":0},{"bg":0,"fg":0},{"bg":0,"fg":0},{"bg":0,"fg":0},{"bg":0,"fg":0},{"bg":0,"fg":0},{"bg":0,"fg":0},{"bg":0,"fg":0},{"bg":0,"fg":0},{"bg":0,"fg":0},{"bg":0,"fg":0},{"bg":0,"fg":0},{"bg":0,"fg":0},{"bg":0,"fg":0},{"bg":0,"fg":0},{"bg":0,"fg":0},{"bg":0,"fg":0},{"bg":0,"fg":0},{"bg":0,"fg":0},{"bg":0,"fg":0},{"bg":0,"fg":0},{"bg":0,"fg":0},{"bg":0,"fg":0},{"bg":0,"fg":0},{"bg":0,"fg":0},{"bg":0,"fg":0},{"bg":0,"fg":0},{"bg":0,"fg":0},{"bg":0,"fg":0},{"bg":0,"fg":0},{"bg":0,"fg":0},{"bg":0,"fg":0},{"bg":0,"fg":0},{"bg":0,"fg":0},{"bg":0,"fg":0},{"bg":0,"fg":0},{"bg":0,"fg":0},{"bg":0,"fg":0},{"bg":0,"fg":0},{"bg":0,"fg":0},{"bg":0,"fg":0},{"bg":0,"fg":0},{"bg":0,"fg":0},{"bg":0,"fg":0},{"bg":0,"fg":0},{"bg":0,"fg":0},{"bg":0,"fg":0},{"bg":0,"fg":0},{"bg":0,"fg":0},{"bg":0,"fg":0},{"bg":0,"fg":0},{"bg":0,"fg":0},{"bg":0,"fg":0},{"bg":0,"fg":0},{"bg":0,"fg":0},{"bg":0,"fg":0},{"bg":0,"fg":0},{"bg":0,"fg":0},{"bg":0,"fg":0},{"bg":0,"fg":0},{"bg":0,"fg":0},{"bg":0,"fg":0},{"bg":0,"fg":0},{"bg":0,"fg":0},{"bg":0,"fg":0},{"bg":0,"fg":0},{"bg":0,"fg":0},{"bg":0,"fg":0},{"bg":0,"fg":0},{"bg":0,"fg":0},{"bg":0,"fg":0},{"bg":0,"fg":0},{"bg":0,"fg":0},{"bg":0,"fg":0},{"bg":0,"fg":0},{"bg":0,"fg":0},{"bg":0,"fg":0},{"bg":0,"fg":0},{"bg":0,"fg":0},{"bg":0,"fg":0},{"bg":0,"fg":0},{"bg":0,"fg":0},{"bg":0,"fg":0},{"bg":0,"fg":0},{"bg":0,"fg":0},{"bg":0,"fg":0},{"bg":0,"fg":0},{"bg":0,"fg":0},{"bg":0,"fg":0},{"bg":0,"fg":0},{"bg":0,"fg":0},{"bg":0,"fg":0},{"bg":0,"fg":0},{"bg":0,"fg":0},{"bg":0,"fg":0},{"bg":0,"fg":0},{"bg":0,"fg":0},{"bg":0,"fg":0},{"bg":0,"fg":0},{"bg":0,"fg":0},{"bg":0,"fg":0},{"bg":0,"fg":0},{"bg":0,"fg":0},{"bg":0,"fg":0},{"bg":0,"fg":0},{"bg":0,"fg":0},{"bg":0,"fg":0},{"bg":0,"fg":0},{"bg":0,"fg":0},{"bg":0,"fg":0},{"bg":0,"fg":0},{"bg":0,"fg":0},{"bg":0,"fg":0},{"bg":0,"fg":0},{"bg":0,"fg":0},{"bg":0,"fg":0},{"bg":0,"fg":0},{"bg":0,"fg":0},{"bg":0,"fg":0},{"bg":0,"fg":0},{"bg":0,"fg":0},{"bg":0,"fg":0},{"bg":0,"fg":0},{"bg":0,"fg":0},{"bg":0,"fg":0},{"bg":0,"fg":0},{"bg":0,"fg":0},{"bg":0,"fg":0},{"bg":0,"fg":0},{"bg":0,"fg":0},{"bg":0,"fg":0},{"bg":0,"fg":0},{"bg":0,"fg":0},{"bg":0,"fg":0},{"bg":0,"fg":0},{"bg":0,"fg":0},{"bg":0,"fg":0},{"bg":0,"fg":0},{"bg":0,"fg":0},{"bg":0,"fg":0},{"bg":0,"fg":0},{"bg":0,"fg":0},{"bg":0,"fg":0},{"bg":0,"fg":0},{"bg":0,"fg":0},{"bg":0,"fg":0},{"bg":0,"fg":0},{"bg":0,"fg":0},{"bg":0,"fg":0},{"bg":0,"fg":0},{"bg":0,"fg":0},{"bg":0,"fg":0},{"bg":0,"fg":0},{"bg":0,"fg":0},{"bg":0,"fg":0},{"bg":0,"fg":0},{"bg":0,"fg":0},{"bg":0,"fg":0},{"bg":0,"fg":0},{"bg":0,"fg":0},{"bg":0,"fg":0},{"bg":0,"fg":0},{"bg":0,"fg":0},{"bg":0,"fg":0},{"bg":0,"fg":0},{"bg":0,"fg":0},{"bg":0,"fg":0},{"bg":0,"fg":0},{"bg":0,"fg":0},{"bg":0,"fg":0},{"bg":0,"fg":0},{"bg":0,"fg":0},{"bg":0,"fg":0},{"bg":0,"fg":0},{"bg":0,"fg":0},{"bg":0,"fg":0},{"bg":0,"fg":0},{"bg":0,"fg":0},{"bg":0,"fg":0},{"bg":0,"fg":0},{"bg":0,"fg":0},{"bg":0,"fg":0},{"bg":0,"fg":0},{"bg":0,"fg":0},{"bg":0,"fg":0},{"bg":0,"fg":0},{"bg":0,"fg":0},{"bg":0,"fg":0},{"bg":0,"fg":0},{"bg":0,"fg":0},{"bg":0,"fg":0},{"bg":0,"fg":0},{"bg":0,"fg":0},{"bg":0,"fg":0},{"bg":0,"fg":0},{"bg":0,"fg":0},{"bg":0,"fg":0},{"bg":0,"fg":0},{"bg":0,"fg":0},{"bg":0,"fg":0},{"bg":0,"fg":0},{"bg":0,"fg":0},{"bg":0,"fg":0},{"bg":0,"fg":0},{"bg":0,"fg":0},{"bg":0,"fg":0},{"bg":0,"fg":0},{"bg":0,"fg":0},{"bg":0,"fg":0},{"bg":0,"fg":0},{"bg":0,"fg":0},{"bg":0,"fg":0},{"bg":0,"fg":0},{"bg":0,"fg":0},{"bg":0,"fg":0},{"bg":0,"fg":0},{"bg":0,"fg":0},{"bg":0,"fg":0},{"bg":0,"fg":0},{"bg":0,"fg":0},{"bg":0,"fg":0},{"bg":0,"fg":0},{"bg":0,"fg":0},{"bg":0,"fg":0},{"bg":0,"fg":0},{"bg":0,"fg":0},{"bg":0,"fg":0},{"bg":0,"fg":0},{"bg":0,"fg":0},{"bg":0,"fg":0},{"bg":0,"fg":0},{"bg":0,"fg":0},{"bg":0,"fg":0},{"bg":0,"fg":0},{"bg":0,"fg":0},{"bg":0,"fg":0},{"bg":0,"fg":0},{"bg":0,"fg":0},{"bg":0,"fg":0},{"bg":0,"fg":0},{"bg":0,"fg":0},{"bg":0,"fg":0},{"bg":0,"fg":0},{"bg":0,"fg":0},{"bg":0,"fg":0},{"bg":0,"fg":0},{"bg":0,"fg":0},{"bg":0,"fg":0},{"bg":0,"fg":0},{"bg":0,"fg":0},{"bg":0,"fg":0},{"bg":0,"fg":0},{"bg":0,"fg":0},{"bg":0,"fg":0},{"bg":0,"fg":0},{"bg":0,"fg":0},{"bg":0,"fg":0},{"bg":0,"fg":0},{"bg":0,"fg":0},{"bg":0,"fg":0},{"bg":0,"fg":0},{"bg":0,"fg":0},{"bg":0,"fg":0},{"bg":0,"fg":0},{"bg":0,"fg":0},{"bg":0,"fg":0},{"bg":0,"fg":0},{"bg":0,"fg":0},{"bg":0,"fg":0},{"bg":0,"fg":0},{"bg":0,"fg":0},{"bg":0,"fg":0},{"bg":0,"fg":0},{"bg":0,"fg":0},{"bg":0,"fg":0},{"bg":0,"fg":0},{"bg":0,"fg":0},{"bg":0,"fg":0},{"bg":0,"fg":0},{"bg":0,"fg":0},{"bg":0,"fg":0},{"bg":0,"fg":0},{"bg":0,"fg":0},{"bg":0,"fg":0},{"bg":0,"fg":0},{"bg":0,"fg":0},{"bg":0,"fg":0},{"bg":0,"fg":0},{"bg":0,"fg":0},{"bg":0,"fg":0},{"bg":0,"fg":0},{"bg":0,"fg":0},{"bg":0,"fg":0},{"bg":0,"fg":0},{"bg":0,"fg":0},{"bg":0,"fg":0},{"bg":0,"fg":0},{"bg":0,"fg":0},{"bg":0,"fg":0},{"bg":0,"fg":0},{"bg":0,"fg":0},{"bg":0,"fg":0},{"bg":0,"fg":0},{"bg":0,"fg":0},{"bg":0,"fg":0},{"bg":0,"fg":0},{"bg":0,"fg":0},{"bg":0,"fg":0},{"bg":0,"fg":0},{"bg":0,"fg":0},{"bg":0,"fg":0},{"bg":0,"fg":0},{"bg":0,"fg":0},{"bg":0,"fg":0},{"bg":0,"fg":0},{"bg":0,"fg":0},{"bg":0,"fg":0},{"bg":0,"fg":0},{"bg":0,"fg":0},{"bg":0,"fg":0},{"bg":0,"fg":0},{"bg":0,"fg":0},{"bg":0,"fg":0},{"bg":0,"fg":0},{"bg":0,"fg":0},{"bg":0,"fg":0},{"bg":0,"fg":0},{"bg":0,"fg":0},{"bg":0,"fg":0},{"bg":0,"fg":0},{"bg":0,"fg":0},{"bg":0,"fg":0},{"bg":0,"fg":0},{"bg":0,"fg":0},{"bg":0,"fg":0},{"bg":0,"fg":0},{"bg":0,"fg":0},{"bg":0,"fg":0},{"bg":0,"fg":0},{"bg":0,"fg":0},{"bg":0,"fg":0},{"bg":0,"fg":0},{"bg":0,"fg":0},{"bg":0,"fg":0},{"bg":0,"fg":0},{"bg":0,"fg":0},{"bg":0,"fg":0},{"bg":0,"fg":0},{"bg":0,"fg":0},{"bg":0,"fg":0},{"bg":0,"fg":0},{"bg":0,"fg":0},{"bg":0,"fg":0},{"bg":0,"fg":0},{"bg":0,"fg":0},{"bg":0,"fg":0},{"bg":0,"fg":0},{"bg":0,"fg":0},{"bg":0,"fg":0},{"bg":0,"fg":0},{"bg":0,"fg":0},{"bg":0,"fg":0},{"bg":0,"fg":0},{"bg":0,"fg":0},{"bg":0,"fg":0},{"bg":0,"fg":0},{"bg":0,"fg":0},{"bg":0,"fg":0},{"bg":0,"fg":0},{"bg":0,"fg":0},{"bg":0,"fg":0},{"bg":0,"fg":0},{"bg":0,"fg":0},{"bg":0,"fg":0},{"bg":0,"fg":0},{"bg":0,"fg":0},{"bg":0,"fg":0},{"bg":0,"fg":0},{"bg":0,"fg":0},{"bg":0,"fg":0},{"bg":0,"fg":0},{"bg":0,"fg":0},{"bg":0,"fg":0},{"bg":0,"fg":0},{"bg":0,"fg":0},{"bg":0,"fg":0},{"bg":0,"fg":0},{"bg":0,"fg":0},{"bg":0,"fg":0},{"bg":0,"fg":0},{"bg":0,"fg":0},{"bg":0,"fg":0},{"bg":0,"fg":0},{"bg":0,"fg":0},{"bg":0,"fg":0},{"bg":0,"fg":0},{"bg":0,"fg":0},{"bg":0,"fg":0},{"bg":0,"fg":0},{"bg":0,"fg":0},{"bg":0,"fg":0},{"bg":0,"fg":0},{"bg":0,"fg":0},{"bg":0,"fg":0},{"bg":0,"fg":0},{"bg":0,"fg":0},{"bg":0,"fg":0},{"bg":0,"fg":0},{"bg":0,"fg":0},{"bg":0,"fg":0},{"bg":0,"fg":0},{"bg":0,"fg":0},{"bg":0,"fg":0},{"bg":0,"fg":0},{"bg":0,"fg":0},{"bg":0,"fg":0},{"bg":0,"fg":0},{"bg":0,"fg":0},{"bg":0,"fg":0},{"bg":0,"fg":0},{"bg":0,"fg":0},{"bg":0,"fg":0},{"bg":0,"fg":0},{"bg":0,"fg":0},{"bg":0,"fg":0},{"bg":0,"fg":0},{"bg":0,"fg":0},{"bg":0,"fg":0},{"bg":0,"fg":0},{"bg":0,"fg":0},{"bg":0,"fg":0},{"bg":0,"fg":0},{"bg":0,"fg":0},{"bg":0,"fg":0},{"bg":0,"fg":0},{"bg":0,"fg":0},{"bg":0,"fg":0},{"bg":0,"fg":0},{"bg":0,"fg":0},{"bg":0,"fg":0},{"bg":0,"fg":0},{"bg":0,"fg":0},{"bg":0,"fg":0},{"bg":0,"fg":0},{"bg":0,"fg":0},{"bg":0,"fg":0},{"bg":0,"fg":0},{"bg":0,"fg":0},{"bg":0,"fg":0},{"bg":0,"fg":0},{"bg":0,"fg":0},{"bg":0,"fg":0},{"bg":0,"fg":0},{"bg":0,"fg":0},{"bg":0,"fg":0},{"bg":0,"fg":0},{"bg":0,"fg":0},{"bg":0,"fg":0},{"bg":0,"fg":0},{"bg":0,"fg":0},{"bg":0,"fg":0},{"bg":0,"fg":0},{"bg":0,"fg":0},{"bg":0,"fg":0},{"bg":0,"fg":0},{"bg":0,"fg":0},{"bg":0,"fg":0},{"bg":0,"fg":0},{"bg":0,"fg":0},{"bg":0,"fg":0},{"bg":0,"fg":0},{"bg":0,"fg":0},{"bg":0,"fg":0},{"bg":0,"fg":0},{"bg":0,"fg":0},{"bg":0,"fg":0},{"bg":0,"fg":0},{"bg":0,"fg":0},{"bg":0,"fg":0},{"bg":0,"fg":0},{"bg":0,"fg":0},{"bg":0,"fg":0},{"bg":0,"fg":0},{"bg":0,"fg":0},{"bg":0,"fg":0},{"bg":0,"fg":0},{"bg":0,"fg":0},{"bg":0,"fg":0},{"bg":0,"fg":0},{"bg":0,"fg":0},{"bg":0,"fg":0},{"bg":0,"fg":0},{"bg":0,"fg":0},{"bg":0,"fg":0},{"bg":0,"fg":0},{"bg":0,"fg":0},{"bg":0,"fg":0},{"bg":0,"fg":0},{"bg":0,"fg":0},{"bg":0,"fg":0},{"bg":0,"fg":0},{"bg":0,"fg":0},{"bg":0,"fg":0},{"bg":0,"fg":0},{"bg":0,"fg":0},{"bg":0,"fg":0},{"bg":0,"fg":0},{"bg":0,"fg":0},{"bg":0,"fg":0},{"bg":0,"fg":0},{"bg":0,"fg":0},{"bg":0,"fg":0},{"bg":0,"fg":0},{"bg":0,"fg":0},{"bg":0,"fg":0},{"bg":0,"fg":0},{"bg":0,"fg":0},{"bg":0,"fg":0},{"bg":0,"fg":0},{"bg":0,"fg":0},{"bg":0,"fg":0},{"bg":0,"fg":0},{"bg":0,"fg":0},{"bg":0,"fg":0},{"bg":0,"fg":0},{"bg":0,"fg":0},{"bg":0,"fg":0},{"bg":0,"fg":0},{"bg":0,"fg":0},{"bg":0,"fg":0},{"bg":0,"fg":0},{"bg":0,"fg":0},{"bg":0,"fg":0},{"bg":0,"fg":0},{"bg":0,"fg":0},{"bg":0,"fg":0},{"bg":0,"fg":0},{"bg":0,"fg":0},{"bg":0,"fg":0},{"bg":0,"fg":0},{"bg":0,"fg":0},{"bg":0,"fg":0},{"bg":0,"fg":0},{"bg":0,"fg":0},{"bg":0,"fg":0},{"bg":0,"fg":0},{"bg":0,"fg":0},{"bg":0,"fg":0},{"bg":0,"fg":0},{"bg":0,"fg":0},{"bg":0,"fg":0},{"bg":0,"fg":0},{"bg":0,"fg":0},{"bg":0,"fg":0},{"bg":0,"fg":0},{"bg":0,"fg":0},{"bg":0,"fg":0},{"bg":0,"fg":0},{"bg":0,"fg":0},{"bg":0,"fg":0},{"bg":0,"fg":0},{"bg":0,"fg":0},{"bg":0,"fg":0},{"bg":0,"fg":0},{"bg":0,"fg":0},{"bg":0,"fg":0},{"bg":0,"fg":0},{"bg":0,"fg":0},{"bg":0,"fg":0},{"bg":0,"fg":0},{"bg":0,"fg":0},{"bg":0,"fg":0},{"bg":0,"fg":0},{"bg":0,"fg":0},{"bg":0,"fg":0},{"bg":0,"fg":0},{"bg":0,"fg":0},{"bg":0,"fg":0},{"bg":0,"fg":0},{"bg":0,"fg":0},{"bg":0,"fg":0},{"bg":0,"fg":0},{"bg":0,"fg":0},{"bg":0,"fg":0},{"bg":0,"fg":0},{"bg":0,"fg":0},{"bg":0,"fg":0},{"bg":0,"fg":0},{"bg":0,"fg":0},{"bg":0,"fg":0},{"bg":0,"fg":0},{"bg":0,"fg":0},{"bg":0,"fg":0},{"bg":0,"fg":0},{"bg":0,"fg":0},{"bg":0,"fg":0},{"bg":0,"fg":0},{"bg":0,"fg":0},{"bg":0,"fg":0},{"bg":0,"fg":0},{"bg":0,"fg":0},{"bg":0,"fg":0},{"bg":0,"fg":0},{"bg":0,"fg":0},{"bg":0,"fg":0},{"bg":0,"fg":0},{"bg":0,"fg":0},{"bg":0,"fg":0},{"bg":0,"fg":0},{"bg":0,"fg":0},{"bg":0,"fg":0},{"bg":0,"fg":0},{"bg":0,"fg":0},{"bg":0,"fg":0},{"bg":0,"fg":0},{"bg":0,"fg":0},{"bg":0,"fg":0},{"bg":0,"fg":0},{"bg":0,"fg":0},{"bg":0,"fg":0},{"bg":0,"fg":0},{"bg":0,"fg":0},{"bg":0,"fg":0},{"bg":0,"fg":0},{"bg":0,"fg":0},{"bg":0,"fg":0},{"bg":0,"fg":0},{"bg":0,"fg":0},{"bg":0,"fg":0},{"bg":0,"fg":0},{"bg":0,"fg":0},{"bg":0,"fg":0},{"bg":0,"fg":0},{"bg":0,"fg":0},{"bg":0,"fg":0},{"bg":0,"fg":0},{"bg":0,"fg":0},{"bg":0,"fg":0},{"bg":0,"fg":0},{"bg":0,"fg":0},{"bg":0,"fg":0},{"bg":0,"fg":0},{"bg":0,"fg":0},{"bg":0,"fg":0},{"bg":0,"fg":0},{"bg":0,"fg":0},{"bg":0,"fg":0},{"bg":0,"fg":0},{"bg":0,"fg":0},{"bg":0,"fg":0},{"bg":0,"fg":0},{"bg":0,"fg":0},{"bg":0,"fg":0},{"bg":0,"fg":0},{"bg":0,"fg":0},{"bg":0,"fg":0},{"bg":0,"fg":0},{"bg":0,"fg":0},{"bg":0,"fg":0},{"bg":0,"fg":0},{"bg":0,"fg":0},{"bg":0,"fg":0},{"bg":0,"fg":0},{"bg":0,"fg":0},{"bg":0,"fg":0},{"bg":0,"fg":0},{"bg":0,"fg":0},{"bg":0,"fg":0},{"bg":0,"fg":0},{"bg":0,"fg":0},{"bg":0,"fg":0},{"bg":0,"fg":0},{"bg":0,"fg":0},{"bg":0,"fg":0},{"bg":0,"fg":0},{"bg":0,"fg":0},{"bg":0,"fg":0},{"bg":0,"fg":0},{"bg":0,"fg":0},{"bg":0,"fg":0},{"bg":0,"fg":0},{"bg":0,"fg":0},{"bg":0,"fg":0},{"bg":0,"fg":0},{"bg":0,"fg":0},{"bg":0,"fg":0},{"bg":0,"fg":0},{"bg":0,"fg":0},{"bg":0,"fg":0},{"bg":0,"fg":0},{"bg":0,"fg":0},{"bg":0,"fg":0},{"bg":0,"fg":0},{"bg":0,"fg":0},{"bg":0,"fg":0},{"bg":0,"fg":0},{"bg":0,"fg":0},{"bg":0,"fg":0},{"bg":0,"fg":0},{"bg":0,"fg":0},{"bg":0,"fg":0},{"bg":0,"fg":0},{"bg":0,"fg":0},{"bg":0,"fg":0},{"bg":0,"fg":0},{"bg":0,"fg":0},{"bg":0,"fg":0},{"bg":0,"fg":0},{"bg":0,"fg":0},{"bg":0,"fg":0},{"bg":0,"fg":0},{"bg":0,"fg":0},{"bg":0,"fg":0},{"bg":0,"fg":0},{"bg":0,"fg":0},{"bg":0,"fg":0},{"bg":0,"fg":0},{"bg":0,"fg":0},{"bg":0,"fg":0},{"bg":0,"fg":0},{"bg":0,"fg":0},{"bg":0,"fg":0},{"bg":0,"fg":0},{"bg":0,"fg":0},{"bg":0,"fg":0},{"bg":0,"fg":0},{"bg":0,"fg":0},{"bg":0,"fg":0},{"bg":0,"fg":0},{"bg":0,"fg":0},{"bg":0,"fg":0},{"bg":0,"fg":0},{"bg":0,"fg":0},{"bg":0,"fg":0},{"bg":0,"fg":0},{"bg":0,"fg":0},{"bg":0,"fg":0},{"bg":0,"fg":0},{"bg":0,"fg":0},{"bg":0,"fg":0},{"bg":0,"fg":0},{"bg":0,"fg":0},{"bg":0,"fg":0},{"bg":0,"fg":0},{"bg":0,"fg":0},{"bg":0,"fg":0},{"bg":0,"fg":0},{"bg":0,"fg":0},{"bg":0,"fg":0},{"bg":0,"fg":0},{"bg":0,"fg":0},{"bg":0,"fg":0},{"bg":0,"fg":0},{"bg":0,"fg":0},{"bg":0,"fg":0},{"bg":0,"fg":0},{"bg":0,"fg":0},{"bg":0,"fg":0},{"bg":0,"fg":0},{"bg":0,"fg":0},{"bg":0,"fg":0},{"bg":0,"fg":0},{"bg":0,"fg":0},{"bg":0,"fg":0},{"bg":0,"fg":0},{"bg":0,"fg":0},{"bg":0,"fg":0},{"bg":0,"fg":0},{"bg":0,"fg":0},{"bg":0,"fg":0},{"bg":0,"fg":0},{"bg":0,"fg":0},{"bg":0,"fg":0},{"bg":0,"fg":0},{"bg":0,"fg":0},{"bg":0,"fg":0},{"bg":0,"fg":0},{"bg":0,"fg":0},{"bg":0,"fg":0},{"bg":0,"fg":0},{"bg":0,"fg":0},{"bg":0,"fg":0},{"bg":0,"fg":0},{"bg":0,"fg":0},{"bg":0,"fg":0},{"bg":0,"fg":0},{"bg":0,"fg":0},{"bg":0,"fg":0},{"bg":0,"fg":0},{"bg":0,"fg":0},{"bg":0,"fg":0},{"bg":0,"fg":0},{"bg":0,"fg":0},{"bg":0,"fg":0},{"bg":0,"fg":0},{"bg":0,"fg":0},{"bg":0,"fg":0},{"bg":0,"fg":0},{"bg":0,"fg":0},{"bg":0,"fg":0},{"bg":0,"fg":0},{"bg":0,"fg":0},{"bg":0,"fg":0},{"bg":0,"fg":0},{"bg":0,"fg":0},{"bg":0,"fg":0},{"bg":0,"fg":0},{"bg":0,"fg":0},{"bg":0,"fg":0},{"bg":0,"fg":0},{"bg":0,"fg":0},{"bg":0,"fg":0},{"bg":0,"fg":0},{"bg":0,"fg":0},{"bg":0,"fg":0},{"bg":0,"fg":0},{"bg":0,"fg":0},{"bg":0,"fg":0},{"bg":0,"fg":0},{"bg":0,"fg":0},{"bg":0,"fg":0},{"bg":0,"fg":0},{"bg":0,"fg":0},{"bg":0,"fg":0},{"bg":0,"fg":0},{"bg":0,"fg":0},{"bg":0,"fg":0},{"bg":0,"fg":0},{"bg":0,"fg":0},{"bg":0,"fg":0},{"bg":0,"fg":0},{"bg":0,"fg":0},{"bg":0,"fg":0},{"bg":0,"fg":0},{"bg":0,"fg":0},{"bg":0,"fg":0},{"bg":0,"fg":0},{"bg":0,"fg":0},{"bg":0,"fg":0},{"bg":0,"fg":0},{"bg":0,"fg":0},{"bg":0,"fg":0},{"bg":0,"fg":0},{"bg":0,"fg":0},{"bg":0,"fg":0},{"bg":0,"fg":0},{"bg":0,"fg":0},{"bg":0,"fg":0},{"bg":0,"fg":0},{"bg":0,"fg":0},{"bg":0,"fg":0},{"bg":0,"fg":0},{"bg":0,"fg":0},{"bg":0,"fg":0},{"bg":0,"fg":0},{"bg":0,"fg":0},{"bg":0,"fg":0},{"bg":0,"fg":0},{"bg":0,"fg":0},{"bg":0,"fg":0},{"bg":0,"fg":0},{"bg":0,"fg":0},{"bg":0,"fg":0},{"bg":0,"fg":0},{"bg":0,"fg":0},{"bg":0,"fg":0},{"bg":0,"fg":0},{"bg":0,"fg":0},{"bg":0,"fg":0},{"bg":0,"fg":0},{"bg":0,"fg":0},{"bg":0,"fg":0},{"bg":0,"fg":0},{"bg":0,"fg":0},{"bg":0,"fg":0},{"bg":0,"fg":0},{"bg":0,"fg":0},{"bg":0,"fg":0},{"bg":0,"fg":0},{"bg":0,"fg":0},{"bg":0,"fg":0},{"bg":0,"fg":0},{"bg":0,"fg":0},{"bg":0,"fg":0},{"bg":0,"fg":0},{"bg":0,"fg":0},{"bg":0,"fg":0},{"bg":0,"fg":0},{"bg":0,"fg":0},{"bg":0,"fg":0},{"bg":0,"fg":0},{"bg":0,"fg":0},{"bg":0,"fg":0},{"bg":0,"fg":0},{"bg":0,"fg":0},{"bg":0,"fg":0},{"bg":0,"fg":0},{"bg":0,"fg":0},{"bg":0,"fg":0},{"bg":0,"fg":0},{"bg":0,"fg":0},{"bg":0,"fg":0},{"bg":0,"fg":0},{"bg":0,"fg":0},{"bg":0,"fg":0},{"bg":0,"fg":0},{"bg":0,"fg":0},{"bg":0,"fg":0},{"bg":0,"fg":0},{"bg":0,"fg":0},{"bg":0,"fg":0},{"bg":0,"fg":0},{"bg":0,"fg":0},{"bg":0,"fg":0},{"bg":0,"fg":0},{"bg":0,"fg":0},{"bg":0,"fg":0},{"bg":0,"fg":0},{"bg":0,"fg":0},{"bg":0,"fg":0},{"bg":0,"fg":0},{"bg":0,"fg":0},{"bg":0,"fg":0},{"bg":0,"fg":0},{"bg":0,"fg":0},{"bg":0,"fg":0},{"bg":0,"fg":0},{"bg":0,"fg":0},{"bg":0,"fg":0},{"bg":0,"fg":0},{"bg":0,"fg":0},{"bg":0,"fg":0},{"bg":0,"fg":0},{"bg":0,"fg":0},{"bg":0,"fg":0},{"bg":0,"fg":0},{"bg":0,"fg":0},{"bg":0,"fg":0},{"bg":0,"fg":0},{"bg":0,"fg":0},{"bg":0,"fg":0},{"bg":0,"fg":0},{"bg":0,"fg":0},{"bg":0,"fg":0},{"bg":0,"fg":0},{"bg":0,"fg":0},{"bg":0,"fg":0},{"bg":0,"fg":0},{"bg":0,"fg":0},{"bg":0,"fg":0},{"bg":0,"fg":0},{"bg":0,"fg":0},{"bg":0,"fg":0},{"bg":0,"fg":0},{"bg":0,"fg":0},{"bg":0,"fg":0},{"bg":0,"fg":0},{"bg":0,"fg":0},{"bg":0,"fg":0},{"bg":0,"fg":0},{"bg":0,"fg":0},{"bg":0,"fg":0},{"bg":0,"fg":0},{"bg":0,"fg":0},{"bg":0,"fg":0},{"bg":0,"fg":0},{"bg":0,"fg":0},{"bg":0,"fg":0},{"bg":0,"fg":0},{"bg":0,"fg":0},{"bg":0,"fg":0},{"bg":0,"fg":0},{"bg":0,"fg":0},{"bg":0,"fg":0},{"bg":0,"fg":0},{"bg":0,"fg":0},{"bg":0,"fg":0},{"bg":0,"fg":0},{"bg":0,"fg":0},{"bg":0,"fg":0},{"bg":0,"fg":0},{"bg":0,"fg":0},{"bg":0,"fg":0},{"bg":0,"fg":0},{"bg":0,"fg":0},{"bg":0,"fg":0},{"bg":0,"fg":0},{"bg":0,"fg":0},{"bg":0,"fg":0},{"bg":0,"fg":0},{"bg":0,"fg":0},{"bg":0,"fg":0},{"bg":0,"fg":0},{"bg":0,"fg":0},{"bg":0,"fg":0},{"bg":0,"fg":0},{"bg":0,"fg":0},{"bg":0,"fg":0},{"bg":0,"fg":0},{"bg":0,"fg":0},{"bg":0,"fg":0},{"bg":0,"fg":0},{"bg":0,"fg":0},{"bg":0,"fg":0},{"bg":0,"fg":0},{"bg":0,"fg":0},{"bg":0,"fg":0},{"bg":0,"fg":0},{"bg":0,"fg":0},{"bg":0,"fg":0},{"bg":0,"fg":0},{"bg":0,"fg":0},{"bg":0,"fg":0},{"bg":0,"fg":0},{"bg":0,"fg":0},{"bg":0,"fg":0},{"bg":0,"fg":0},{"bg":0,"fg":0},{"bg":0,"fg":0},{"bg":0,"fg":0},{"bg":0,"fg":0},{"bg":0,"fg":0},{"bg":0,"fg":0},{"bg":0,"fg":0},{"bg":0,"fg":0},{"bg":0,"fg":0},{"bg":0,"fg":0},{"bg":0,"fg":0},{"bg":0,"fg":0},{"bg":0,"fg":0},{"bg":0,"fg":0},{"bg":0,"fg":0},{"bg":0,"fg":0},{"bg":0,"fg":0},{"bg":0,"fg":0},{"bg":0,"fg":0},{"bg":0,"fg":0},{"bg":0,"fg":0},{"bg":0,"fg":0},{"bg":0,"fg":0},{"bg":0,"fg":0},{"bg":0,"fg":0},{"bg":0,"fg":0},{"bg":0,"fg":0},{"bg":0,"fg":0},{"bg":0,"fg":0},{"bg":0,"fg":0},{"bg":0,"fg":0},{"bg":0,"fg":0},{"bg":0,"fg":0},{"bg":0,"fg":0},{"bg":0,"fg":0},{"bg":0,"fg":0},{"bg":0,"fg":0},{"bg":0,"fg":0},{"bg":0,"fg":0},{"bg":0,"fg":0},{"bg":0,"fg":0},{"bg":0,"fg":0},{"bg":0,"fg":0},{"bg":0,"fg":0},{"bg":0,"fg":0},{"bg":0,"fg":0},{"bg":0,"fg":0},{"bg":0,"fg":0},{"bg":0,"fg":0},{"bg":0,"fg":0},{"bg":0,"fg":0},{"bg":0,"fg":0},{"bg":0,"fg":0},{"bg":0,"fg":0},{"bg":0,"fg":0},{"bg":0,"fg":0},{"bg":0,"fg":0},{"bg":0,"fg":0},{"bg":0,"fg":0},{"bg":0,"fg":0},{"bg":0,"fg":0},{"bg":0,"fg":0},{"bg":0,"fg":0},{"bg":0,"fg":0},{"bg":0,"fg":0},{"bg":0,"fg":0},{"bg":0,"fg":0},{"bg":0,"fg":0},{"bg":0,"fg":0},{"bg":0,"fg":0},{"bg":0,"fg":0},{"bg":0,"fg":0},{"bg":0,"fg":0},{"bg":0,"fg":0},{"bg":0,"fg":0},{"bg":0,"fg":0},{"bg":0,"fg":0},{"bg":0,"fg":0},{"bg":0,"fg":0},{"bg":0,"fg":0},{"bg":0,"fg":0},{"bg":0,"fg":0},{"bg":0,"fg":0},{"bg":0,"fg":0},{"bg":0,"fg":0},{"bg":0,"fg":0},{"bg":0,"fg":0},{"bg":0,"fg":0},{"bg":0,"fg":0},{"bg":0,"fg":0},{"bg":0,"fg":0},{"bg":0,"fg":0},{"bg":0,"fg":0},{"bg":0,"fg":0},{"bg":0,"fg":0},{"bg":0,"fg":0},{"bg":0,"fg":0},{"bg":0,"fg":0},{"bg":0,"fg":0},{"bg":0,"fg":0},{"bg":0,"fg":0},{"bg":0,"fg":0},{"bg":0,"fg":0},{"bg":0,"fg":0},{"bg":0,"fg":0},{"bg":0,"fg":0},{"bg":0,"fg":0},{"bg":0,"fg":0},{"bg":0,"fg":0},{"bg":0,"fg":0},{"bg":0,"fg":0},{"bg":0,"fg":0},{"bg":0,"fg":0},{"bg":0,"fg":0},{"bg":0,"fg":0},{"bg":0,"fg":0},{"bg":0,"fg":0},{"bg":0,"fg":0},{"bg":0,"fg":0},{"bg":0,"fg":0},{"bg":0,"fg":0},{"bg":0,"fg":0},{"bg":0,"fg":0},{"bg":0,"fg":0},{"bg":0,"fg":0},{"bg":0,"fg":0},{"bg":0,"fg":0},{"bg":0,"fg":0},{"bg":0,"fg":0},{"bg":0,"fg":0},{"bg":0,"fg":0},{"bg":0,"fg":0},{"bg":0,"fg":0},{"bg":0,"fg":0},{"bg":0,"fg":0},{"bg":0,"fg":0},{"bg":0,"fg":0},{"bg":0,"fg":0},{"bg":0,"fg":0},{"bg":0,"fg":0},{"bg":0,"fg":0},{"bg":0,"fg":0},{"bg":0,"fg":0},{"bg":0,"fg":0},{"bg":0,"fg":0},{"bg":0,"fg":0},{"bg":0,"fg":0},{"bg":0,"fg":0},{"bg":0,"fg":0},{"bg":0,"fg":0},{"bg":0,"fg":0},{"bg":0,"fg":0},{"bg":0,"fg":0},{"bg":0,"fg":0},{"bg":0,"fg":0},{"bg":0,"fg":0},{"bg":0,"fg":0},{"bg":0,"fg":0},{"bg":0,"fg":0},{"bg":0,"fg":0},{"bg":0,"fg":0},{"bg":0,"fg":0},{"bg":0,"fg":0},{"bg":0,"fg":0},{"bg":0,"fg":0},{"bg":0,"fg":0},{"bg":0,"fg":0},{"bg":0,"fg":0},{"bg":0,"fg":0},{"bg":0,"fg":0},{"bg":0,"fg":0},{"bg":0,"fg":0},{"bg":0,"fg":0},{"bg":0,"fg":0},{"bg":0,"fg":0},{"bg":0,"fg":0},{"bg":0,"fg":0},{"bg":0,"fg":0},{"bg":0,"fg":0},{"bg":0,"fg":0},{"bg":0,"fg":0},{"bg":0,"fg":0},{"bg":0,"fg":0},{"bg":0,"fg":0},{"bg":0,"fg":0},{"bg":0,"fg":0},{"bg":0,"fg":0},{"bg":0,"fg":0},{"bg":0,"fg":0},{"bg":0,"fg":0},{"bg":0,"fg":0},{"bg":0,"fg":0},{"bg":0,"fg":0},{"bg":0,"fg":0},{"bg":0,"fg":0},{"bg":0,"fg":0},{"bg":0,"fg":0},{"bg":0,"fg":0},{"bg":0,"fg":0},{"bg":0,"fg":0},{"bg":0,"fg":0},{"bg":0,"fg":0},{"bg":0,"fg":0},{"bg":0,"fg":0},{"bg":0,"fg":0},{"bg":0,"fg":0},{"bg":0,"fg":0},{"bg":0,"fg":0},{"bg":0,"fg":0},{"bg":0,"fg":0},{"bg":0,"fg":0},{"bg":0,"fg":0},{"bg":0,"fg":0},{"bg":0,"fg":0},{"bg":0,"fg":0},{"bg":0,"fg":0},{"bg":0,"fg":0},{"bg":0,"fg":0},{"bg":0,"fg":0},{"bg":0,"fg":0},{"bg":0,"fg":0},{"bg":0,"fg":0},{"bg":0,"fg":0},{"bg":0,"fg":0},{"bg":0,"fg":0},{"bg":0,"fg":0},{"bg":0,"fg":0},{"bg":0,"fg":0},{"bg":0,"fg":0},{"bg":0,"fg":0},{"bg":0,"fg":0},{"bg":0,"fg":0},{"bg":0,"fg":0},{"bg":0,"fg":0},{"bg":0,"fg":0},{"bg":0,"fg":0},{"bg":0,"fg":0},{"bg":0,"fg":0},{"bg":0,"fg":0},{"bg":0,"fg":0},{"bg":0,"fg":0},{"bg":0,"fg":0},{"bg":0,"fg":0},{"bg":0,"fg":0},{"bg":0,"fg":0},{"bg":0,"fg":0},{"bg":0,"fg":0},{"bg":0,"fg":0},{"bg":0,"fg":0},{"bg":0,"fg":0},{"bg":0,"fg":0},{"bg":0,"fg":0},{"bg":0,"fg":0},{"bg":0,"fg":0},{"bg":0,"fg":0},{"bg":0,"fg":0},{"bg":0,"fg":0},{"bg":0,"fg":0},{"bg":0,"fg":0},{"bg":0,"fg":0},{"bg":0,"fg":0},{"bg":0,"fg":0},{"bg":0,"fg":0},{"bg":0,"fg":0},{"bg":0,"fg":0},{"bg":0,"fg":0},{"bg":0,"fg":0},{"bg":0,"fg":0},{"bg":0,"fg":0},{"bg":0,"fg":0},{"bg":0,"fg":0},{"bg":0,"fg":0},{"bg":0,"fg":0},{"bg":0,"fg":0},{"bg":0,"fg":0},{"bg":0,"fg":0},{"bg":0,"fg":0},{"bg":0,"fg":0},{"bg":0,"fg":0},{"bg":0,"fg":0},{"bg":0,"fg":0},{"bg":0,"fg":0},{"bg":0,"fg":0},{"bg":0,"fg":0},{"bg":0,"fg":0},{"bg":0,"fg":0},{"bg":0,"fg":0},{"bg":0,"fg":0},{"bg":0,"fg":0},{"bg":0,"fg":0},{"bg":0,"fg":0},{"bg":0,"fg":0},{"bg":0,"fg":0},{"bg":0,"fg":0},{"bg":0,"fg":0},{"bg":0,"fg":0},{"bg":0,"fg":0},{"bg":0,"fg":0},{"bg":0,"fg":0},{"bg":0,"fg":0},{"bg":0,"fg":0},{"bg":0,"fg":0},{"bg":0,"fg":0},{"bg":0,"fg":0},{"bg":0,"fg":0},{"bg":0,"fg":0},{"bg":0,"fg":0},{"bg":0,"fg":0},{"bg":0,"fg":0},{"bg":0,"fg":0},{"bg":0,"fg":0},{"bg":0,"fg":0},{"bg":0,"fg":0},{"bg":0,"fg":0},{"bg":0,"fg":0},{"bg":0,"fg":0},{"bg":0,"fg":0},{"bg":0,"fg":0},{"bg":0,"fg":0},{"bg":0,"fg":0},{"bg":0,"fg":0},{"bg":0,"fg":0},{"bg":0,"fg":0},{"bg":0,"fg":0},{"bg":0,"fg":0},{"bg":0,"fg":0},{"bg":0,"fg":0},{"bg":0,"fg":0},{"bg":0,"fg":0},{"bg":0,"fg":0},{"bg":0,"fg":0},{"bg":0,"fg":0},{"bg":0,"fg":0},{"bg":0,"fg":0},{"bg":0,"fg":0},{"bg":0,"fg":0},{"bg":0,"fg":0},{"bg":0,"fg":0},{"bg":0,"fg":0},{"bg":0,"fg":0},{"bg":0,"fg":0},{"bg":0,"fg":0},{"bg":0,"fg":0},{"bg":0,"fg":0},{"bg":0,"fg":0},{"bg":0,"fg":0},{"bg":0,"fg":0},{"bg":0,"fg":0},{"bg":0,"fg":0},{"bg":0,"fg":0},{"bg":0,"fg":0},{"bg":0,"fg":0},{"bg":0,"fg":0},{"bg":0,"fg":0},{"bg":0,"fg":0},{"bg":0,"fg":0},{"bg":0,"fg":0},{"bg":0,"fg":0},{"bg":0,"fg":0},{"bg":0,"fg":0},{"bg":0,"fg":0},{"bg":0,"fg":0},{"bg":0,"fg":0},{"bg":0,"fg":0},{"bg":0,"fg":0},{"bg":0,"fg":0},{"bg":0,"fg":0},{"bg":0,"fg":0},{"bg":0,"fg":0},{"bg":0,"fg":0},{"bg":0,"fg":0},{"bg":0,"fg":0},{"bg":0,"fg":0},{"bg":0,"fg":0},{"bg":0,"fg":0},{"bg":0,"fg":0},{"bg":0,"fg":0},{"bg":0,"fg":0},{"bg":0,"fg":0},{"bg":0,"fg":0},{"bg":0,"fg":0},{"bg":0,"fg":0},{"bg":0,"fg":0},{"bg":0,"fg":0},{"bg":0,"fg":0},{"bg":0,"fg":0},{"bg":0,"fg":0},{"bg":0,"fg":0},{"bg":0,"fg":0},{"bg":0,"fg":0},{"bg":0,"fg":0},{"bg":0,"fg":0},{"bg":0,"fg":0},{"bg":0,"fg":0},{"bg":0,"fg":0},{"bg":0,"fg":0},{"bg":0,"fg":0},{"bg":0,"fg":0},{"bg":0,"fg":0},{"bg":0,"fg":0},{"bg":0,"fg":0},{"bg":0,"fg":0},{"bg":0,"fg":0},{"bg":0,"fg":0},{"bg":0,"fg":0},{"bg":0,"fg":0},{"bg":0,"fg":0},{"bg":0,"fg":0},{"bg":0,"fg":0},{"bg":0,"fg":0},{"bg":0,"fg":0},{"bg":0,"fg":0},{"bg":0,"fg":0},{"bg":0,"fg":0},{"bg":0,"fg":0},{"bg":0,"fg":0},{"bg":0,"fg":0},{"bg":0,"fg":0},{"bg":0,"fg":0},{"bg":0,"fg":0},{"bg":0,"fg":0},{"bg":0,"fg":0},{"bg":0,"fg":0},{"bg":0,"fg":0},{"bg":0,"fg":0},{"bg":0,"fg":0},{"bg":0,"fg":0},{"bg":0,"fg":0},{"bg":0,"fg":0},{"bg":0,"fg":0},{"bg":0,"fg":0},{"bg":0,"fg":0},{"bg":0,"fg":0},{"bg":0,"fg":0},{"bg":0,"fg":0},{"bg":0,"fg":0},{"bg":0,"fg":0},{"bg":0,"fg":0},{"bg":0,"fg":0},{"bg":0,"fg":0},{"bg":0,"fg":0},{"bg":0,"fg":0},{"bg":0,"fg":0},{"bg":0,"fg":0},{"bg":0,"fg":0},{"bg":0,"fg":0},{"bg":0,"fg":0},{"bg":0,"fg":0},{"bg":0,"fg":0},{"bg":0,"fg":0},{"bg":0,"fg":0},{"bg":0,"fg":0},{"bg":0,"fg":0},{"bg":0,"fg":0},{"bg":0,"fg":0},{"bg":0,"fg":0},{"bg":0,"fg":0},{"bg":0,"fg":0},{"bg":0,"fg":0},{"bg":0,"fg":0},{"bg":0,"fg":0},{"bg":0,"fg":0},{"bg":0,"fg":0},{"bg":0,"fg":0},{"bg":0,"fg":0},{"bg":0,"fg":0},{"bg":0,"fg":0},{"bg":0,"fg":0},{"bg":0,"fg":0},{"bg":0,"fg":0},{"bg":0,"fg":0},{"bg":0,"fg":0},{"bg":0,"fg":0},{"bg":0,"fg":0},{"bg":0,"fg":0},{"bg":0,"fg":0},{"bg":0,"fg":0},{"bg":0,"fg":0},{"bg":0,"fg":0},{"bg":0,"fg":0},{"bg":0,"fg":0},{"bg":0,"fg":0},{"bg":0,"fg":0},{"bg":0,"fg":0},{"bg":0,"fg":0},{"bg":0,"fg":0},{"bg":0,"fg":0},{"bg":0,"fg":0},{"bg":0,"fg":0},{"bg":0,"fg":0},{"bg":0,"fg":0},{"bg":0,"fg":0},{"bg":0,"fg":0},{"bg":0,"fg":0},{"bg":0,"fg":0},{"bg":0,"fg":0},{"bg":0,"fg":0},{"bg":0,"fg":0},{"bg":0,"fg":0},{"bg":0,"fg":0},{"bg":0,"fg":0},{"bg":0,"fg":0},{"bg":0,"fg":0},{"bg":0,"fg":0},{"bg":0,"fg":0},{"bg":0,"fg":0},{"bg":0,"fg":0},{"bg":0,"fg":0},{"bg":0,"fg":0},{"bg":0,"fg":0},{"bg":0,"fg":0},{"bg":0,"fg":0},{"bg":0,"fg":0},{"bg":0,"fg":0},{"bg":0,"fg":0},{"bg":0,"fg":0},{"bg":0,"fg":0},{"bg":0,"fg":0},{"bg":0,"fg":0},{"bg":0,"fg":0},{"bg":0,"fg":0},{"bg":0,"fg":0},{"bg":0,"fg":0},{"bg":0,"fg":0},{"bg":0,"fg":0},{"bg":0,"fg":0},{"bg":0,"fg":0},{"bg":0,"fg":0},{"bg":0,"fg":0},{"bg":0,"fg":0},{"bg":0,"fg":0},{"bg":0,"fg":0},{"bg":0,"fg":0},{"bg":0,"fg":0},{"bg":0,"fg":0},{"bg":0,"fg":0},{"bg":0,"fg":0},{"bg":0,"fg":0},{"bg":0,"fg":0},{"bg":0,"fg":0},{"bg":0,"fg":0},{"bg":0,"fg":0},{"bg":0,"fg":0},{"bg":0,"fg":0},{"bg":0,"fg":0},{"bg":0,"fg":0},{"bg":0,"fg":0},{"bg":0,"fg":0},{"bg":0,"fg":0},{"bg":0,"fg":0},{"bg":0,"fg":0},{"bg":0,"fg":0},{"bg":0,"fg":0},{"bg":0,"fg":0},{"bg":0,"fg":0},{"bg":0,"fg":0},{"bg":0,"fg":0},{"bg":0,"fg":0},{"bg":0,"fg":0},{"bg":0,"fg":0},{"bg":0,"fg":0},{"bg":0,"fg":0},{"bg":0,"fg":0},{"bg":0,"fg":0},{"bg":0,"fg":0},{"bg":0,"fg":0},{"bg":0,"fg":0},{"bg":0,"fg":0},{"bg":0,"fg":0},{"bg":0,"fg":0},{"bg":0,"fg":0},{"bg":0,"fg":0},{"bg":0,"fg":0},{"bg":0,"fg":0},{"bg":0,"fg":0},{"bg":0,"fg":0},{"bg":0,"fg":0},{"bg":0,"fg":0},{"bg":0,"fg":0},{"bg":0,"fg":0},{"bg":0,"fg":0},{"bg":0,"fg":0},{"bg":0,"fg":0},{"bg":0,"fg":0},{"bg":0,"fg":0},{"bg":0,"fg":0},{"bg":0,"fg":0},{"bg":0,"fg":0},{"bg":0,"fg":0},{"bg":0,"fg":0},{"bg":0,"fg":0},{"bg":0,"fg":0},{"bg":0,"fg":0},{"bg":0,"fg":0},{"bg":0,"fg":0},{"bg":0,"fg":0},{"bg":0,"fg":0},{"bg":0,"fg":0},{"bg":0,"fg":0},{"bg":0,"fg":0},{"bg":0,"fg":0},{"bg":0,"fg":0},{"bg":0,"fg":0},{"bg":0,"fg":0},{"bg":0,"fg":0},{"bg":0,"fg":0},{"bg":0,"fg":0},{"bg":0,"fg":0},{"bg":0,"fg":0},{"bg":0,"fg":0},{"bg":0,"fg":0},{"bg":0,"fg":0},{"bg":0,"fg":0},{"bg":0,"fg":0},{"bg":0,"fg":0},{"bg":0,"fg":0},{"bg":0,"fg":0},{"bg":0,"fg":0},{"bg":0,"fg":0},{"bg":0,"fg":0},{"bg":0,"fg":0},{"bg":0,"fg":0},{"bg":0,"fg":0},{"bg":0,"fg":0},{"bg":0,"fg":0},{"bg":0,"fg":0},{"bg":0,"fg":0},{"bg":0,"fg":0},{"bg":0,"fg":0},{"bg":0,"fg":0},{"bg":0,"fg":0},{"bg":0,"fg":0},{"bg":0,"fg":0},{"bg":0,"fg":0},{"bg":0,"fg":0},{"bg":0,"fg":0},{"bg":0,"fg":0},{"bg":0,"fg":0},{"bg":0,"fg":0},{"bg":0,"fg":0},{"bg":0,"fg":0},{"bg":0,"fg":0},{"bg":0,"fg":0},{"bg":0,"fg":0},{"bg":0,"fg":0},{"bg":0,"fg":0},{"bg":0,"fg":0},{"bg":0,"fg":0},{"bg":0,"fg":0},{"bg":0,"fg":0},{"bg":0,"fg":0},{"bg":0,"fg":0},{"bg":0,"fg":0},{"bg":0,"fg":0},{"bg":0,"fg":0},{"bg":0,"fg":0},{"bg":0,"fg":0},{"bg":0,"fg":0},{"bg":0,"fg":0},{"bg":0,"fg":0},{"bg":0,"fg":0},{"bg":0,"fg":0},{"bg":0,"fg":0},{"bg":0,"fg":0},{"bg":0,"fg":0},{"bg":0,"fg":0},{"bg":0,"fg":0},{"bg":0,"fg":0},{"bg":0,"fg":0},{"bg":0,"fg":0},{"bg":0,"fg":0},{"bg":0,"fg":0},{"bg":0,"fg":0},{"bg":0,"fg":0},{"bg":0,"fg":0},{"bg":0,"fg":0},{"bg":0,"fg":0},{"bg":0,"fg":0},{"bg":0,"fg":0},{"bg":0,"fg":0},{"bg":0,"fg":0},{"bg":0,"fg":0},{"bg":0,"fg":0},{"bg":0,"fg":0},{"bg":0,"fg":0},{"bg":0,"fg":0},{"bg":0,"fg":0},{"bg":0,"fg":0},{"bg":0,"fg":0},{"bg":0,"fg":0},{"bg":0,"fg":0},{"bg":0,"fg":0},{"bg":0,"fg":0},{"bg":0,"fg":0},{"bg":0,"fg":0},{"bg":0,"fg":0},{"bg":0,"fg":0},{"bg":0,"fg":0},{"bg":0,"fg":0},{"bg":0,"fg":0},{"bg":0,"fg":0},{"bg":0,"fg":0},{"bg":0,"fg":0},{"bg":0,"fg":0},{"bg":0,"fg":0},{"bg":0,"fg":0},{"bg":0,"fg":0},{"bg":0,"fg":0},{"bg":0,"fg":0},{"bg":0,"fg":0},{"bg":0,"fg":0},{"bg":0,"fg":0},{"bg":0,"fg":0},{"bg":0,"fg":0},{"bg":0,"fg":0},{"bg":0,"fg":0},{"bg":0,"fg":0},{"bg":0,"fg":0},{"bg":0,"fg":0},{"bg":0,"fg":0},{"bg":0,"fg":0},{"bg":0,"fg":0},{"bg":0,"fg":0},{"bg":0,"fg":0},{"bg":0,"fg":0},{"bg":0,"fg":0},{"bg":0,"fg":0},{"bg":0,"fg":0},{"bg":0,"fg":0},{"bg":0,"fg":0},{"bg":0,"fg":0},{"bg":0,"fg":0},{"bg":0,"fg":0},{"bg":0,"fg":0},{"bg":0,"fg":0},{"bg":0,"fg":0},{"bg":0,"fg":0},{"bg":0,"fg":0},{"bg":0,"fg":0},{"bg":0,"fg":0},{"bg":0,"fg":0},{"bg":0,"fg":0},{"bg":0,"fg":0},{"bg":0,"fg":0},{"bg":0,"fg":0},{"bg":0,"fg":0},{"bg":0,"fg":0},{"bg":0,"fg":0},{"bg":0,"fg":0},{"bg":0,"fg":0},{"bg":0,"fg":0},{"bg":0,"fg":0},{"bg":0,"fg":0},{"bg":0,"fg":0},{"bg":0,"fg":0},{"bg":0,"fg":0},{"bg":0,"fg":0},{"bg":0,"fg":0},{"bg":0,"fg":0},{"bg":0,"fg":0},{"bg":0,"fg":0},{"bg":0,"fg":0},{"bg":0,"fg":0},{"bg":0,"fg":0},{"bg":0,"fg":0},{"bg":0,"fg":0},{"bg":0,"fg":0},{"bg":0,"fg":0},{"bg":0,"fg":0},{"bg":0,"fg":0},{"bg":0,"fg":0},{"bg":0,"fg":0},{"bg":0,"fg":0},{"bg":0,"fg":0},{"bg":0,"fg":0},{"bg":0,"fg":0},{"bg":0,"fg":0},{"bg":0,"fg":0},{"bg":0,"fg":0},{"bg":0,"fg":0},{"bg":0,"fg":0},{"bg":0,"fg":0},{"bg":0,"fg":0},{"bg":0,"fg":0},{"bg":0,"fg":0},{"bg":0,"fg":0},{"bg":0,"fg":0},{"bg":0,"fg":0},{"bg":0,"fg":0},{"bg":0,"fg":0},{"bg":0,"fg":0},{"bg":0,"fg":0},{"bg":0,"fg":0},{"bg":0,"fg":0},{"bg":0,"fg":0},{"bg":0,"fg":0},{"bg":0,"fg":0},{"bg":0,"fg":0},{"bg":0,"fg":0},{"bg":0,"fg":0},{"bg":0,"fg":0},{"bg":0,"fg":0},{"bg":0,"fg":0},{"bg":0,"fg":0},{"bg":0,"fg":0},{"bg":0,"fg":0},{"bg":0,"fg":0},{"bg":0,"fg":0},{"bg":0,"fg":0},{"bg":0,"fg":0},{"bg":0,"fg":0},{"bg":0,"fg":0},{"bg":0,"fg":0},{"bg":0,"fg":0},{"bg":0,"fg":0},{"bg":0,"fg":0},{"bg":0,"fg":0},{"bg":0,"fg":0},{"bg":0,"fg":0},{"bg":0,"fg":0},{"bg":0,"fg":0},{"bg":0,"fg":0},{"bg":0,"fg":0},{"bg":0,"fg":0},{"bg":0,"fg":0},{"bg":0,"fg":0},{"bg":0,"fg":0},{"bg":0,"fg":0},{"bg":0,"fg":0},{"bg":0,"fg":0},{"bg":0,"fg":0},{"bg":0,"fg":0},{"bg":0,"fg":0},{"bg":0,"fg":0},{"bg":0,"fg":0},{"bg":0,"fg":0},{"bg":0,"fg":0},{"bg":0,"fg":0},{"bg":0,"fg":0},{"bg":0,"fg":0},{"bg":0,"fg":0},{"bg":0,"fg":0},{"bg":0,"fg":0},{"bg":0,"fg":0},{"bg":0,"fg":0},{"bg":0,"fg":0},{"bg":0,"fg":0},{"bg":0,"fg":0},{"bg":0,"fg":0},{"bg":0,"fg":0},{"bg":0,"fg":0},{"bg":0,"fg":0},{"bg":0,"fg":0},{"bg":0,"fg":0},{"bg":0,"fg":0},{"bg":0,"fg":0},{"bg":0,"fg":0},{"bg":0,"fg":0},{"bg":0,"fg":0},{"bg":0,"fg":0},{"bg":0,"fg":0},{"bg":0,"fg":0},{"bg":0,"fg":0},{"bg":0,"fg":0},{"bg":0,"fg":0},{"bg":0,"fg":0},{"bg":0,"fg":0},{"bg":0,"fg":0},{"bg":0,"fg":0},{"bg":0,"fg":0},{"bg":0,"fg":0},{"bg":0,"fg":0},{"bg":0,"fg":0},{"bg":0,"fg":0},{"bg":0,"fg":0},{"bg":0,"fg":0},{"bg":0,"fg":0},{"bg":0,"fg":0},{"bg":0,"fg":0},{"bg":0,"fg":0},{"bg":0,"fg":0},{"bg":0,"fg":0},{"bg":0,"fg":0},{"bg":0,"fg":0},{"bg":0,"fg":0},{"bg":0,"fg":0},{"bg":0,"fg":0},{"bg":0,"fg":0},{"bg":0,"fg":0},{"bg":0,"fg":0},{"bg":0,"fg":0},{"bg":0,"fg":0},{"bg":0,"fg":0},{"bg":0,"fg":0},{"bg":0,"fg":0},{"bg":0,"fg":0},{"bg":0,"fg":0},{"bg":0,"fg":0},{"bg":0,"fg":0},{"bg":0,"fg":0},{"bg":0,"fg":0},{"bg":0,"fg":0},{"bg":0,"fg":0},{"bg":0,"fg":0},{"bg":0,"fg":0},{"bg":0,"fg":0},{"bg":0,"fg":0},{"bg":0,"fg":0},{"bg":0,"fg":0},{"bg":0,"fg":0},{"bg":0,"fg":0},{"bg":0,"fg":0},{"bg":0,"fg":0},{"bg":0,"fg":0},{"bg":0,"fg":0},{"bg":0,"fg":0},{"bg":0,"fg":0},{"bg":0,"fg":0},{"bg":0,"fg":0},{"bg":0,"fg":0},{"bg":0,"fg":0},{"bg":0,"fg":0},{"bg":0,"fg":0},{"bg":0,"fg":0},{"bg":0,"fg":0},{"bg":0,"fg":0},{"bg":0,"fg":0},{"bg":0,"fg":0},{"bg":0,"fg":0},{"bg":0,"fg":0},{"bg":0,"fg":0},{"bg":0,"fg":0},{"bg":0,"fg":0},{"bg":0,"fg":0},{"bg":0,"fg":0},{"bg":0,"fg":0},{"bg":0,"fg":0},{"bg":0,"fg":0},{"bg":0,"fg":0},{"bg":0,"fg":0},{"bg":0,"fg":0},{"bg":0,"fg":0},{"bg":0,"fg":0},{"bg":0,"fg":0},{"bg":0,"fg":0},{"bg":0,"fg":0},{"bg":0,"fg":0},{"bg":0,"fg":0},{"bg":0,"fg":0},{"bg":0,"fg":0},{"bg":0,"fg":0},{"bg":0,"fg":0},{"bg":0,"fg":0},{"bg":0,"fg":0},{"bg":0,"fg":0},{"bg":0,"fg":0},{"bg":0,"fg":0},{"bg":0,"fg":0},{"bg":0,"fg":0},{"bg":0,"fg":0},{"bg":0,"fg":0},{"bg":0,"fg":0},{"bg":0,"fg":0},{"bg":0,"fg":0},{"bg":0,"fg":0},{"bg":0,"fg":0},{"bg":0,"fg":0},{"bg":0,"fg":0},{"bg":0,"fg":0},{"bg":0,"fg":0},{"bg":0,"fg":6},{"bg":0,"fg":0},{"bg":0,"fg":0},{"bg":0,"fg":0},{"bg":0,"fg":0},{"bg":0,"fg":0},{"bg":0,"fg":0},{"bg":0,"fg":0},{"bg":0,"fg":0},{"bg":0,"fg":0},{"bg":0,"fg":0},{"bg":0,"fg":0},{"bg":0,"fg":0},{"bg":0,"fg":0},{"bg":0,"fg":0},{"bg":0,"fg":0},{"bg":0,"fg":0},{"bg":0,"fg":0},{"bg":0,"fg":0},{"bg":0,"fg":0},{"bg":0,"fg":0},{"bg":0,"fg":0},{"bg":0,"fg":0},{"bg":0,"fg":0},{"bg":0,"fg":0},{"bg":0,"fg":0},{"bg":0,"fg":0},{"bg":0,"fg":0},{"bg":0,"fg":0},{"bg":0,"fg":0},{"bg":0,"fg":0},{"bg":0,"fg":0},{"bg":0,"fg":0},{"bg":0,"fg":0},{"bg":0,"fg":0},{"bg":0,"fg":0},{"bg":0,"fg":0},{"bg":0,"fg":0},{"bg":0,"fg":0},{"bg":0,"fg":0},{"bg":0,"fg":0},{"bg":0,"fg":0},{"bg":0,"fg":0},{"bg":0,"fg":0},{"bg":0,"fg":0},{"bg":0,"fg":0},{"bg":0,"fg":0},{"bg":0,"fg":0},{"bg":0,"fg":0},{"bg":0,"fg":0},{"bg":14,"fg":2},{"bg":14,"fg":2},{"bg":14,"fg":2},{"bg":14,"fg":2},{"bg":14,"fg":2},{"bg":14,"fg":2},{"bg":14,"fg":2},{"bg":14,"fg":2},{"bg":14,"fg":2},{"bg":14,"fg":2},{"bg":14,"fg":2},{"bg":14,"fg":2},{"bg":14,"fg":2},{"bg":14,"fg":2},{"bg":14,"fg":2},{"bg":14,"fg":2},{"bg":14,"fg":2},{"bg":14,"fg":2},{"bg":14,"fg":2},{"bg":14,"fg":2},{"bg":14,"fg":2},{"bg":14,"fg":2},{"bg":14,"fg":2},{"bg":14,"fg":2},{"bg":14,"fg":2},{"bg":14,"fg":2},{"bg":14,"fg":2},{"bg":14,"fg":2},{"bg":14,"fg":2},{"bg":14,"fg":2},{"bg":14,"fg":2},{"bg":14,"fg":2},{"bg":14,"fg":2},{"bg":14,"fg":2},{"bg":14,"fg":2},{"bg":14,"fg":2},{"bg":14,"fg":2},{"bg":14,"fg":2},{"bg":14,"fg":2},{"bg":14,"fg":2},{"bg":14,"fg":2},{"bg":14,"fg":2},{"bg":14,"fg":2},{"bg":14,"fg":2},{"bg":14,"fg":2},{"bg":14,"fg":2},{"bg":14,"fg":2},{"bg":14,"fg":2},{"bg":14,"fg":2},{"bg":14,"fg":2},{"bg":14,"fg":8},{"bg":14,"fg":2},{"bg":14,"fg":2},{"bg":14,"fg":2},{"bg":14,"fg":2},{"bg":14,"fg":2},{"bg":14,"fg":2},{"bg":14,"fg":2},{"bg":14,"fg":2},{"bg":14,"fg":2},{"bg":14,"fg":2},{"bg":14,"fg":2},{"bg":14,"fg":2},{"bg":14,"fg":2},{"bg":14,"fg":2},{"bg":14,"fg":2},{"bg":14,"fg":2},{"bg":14,"fg":2},{"bg":14,"fg":2},{"bg":14,"fg":2},{"bg":14,"fg":2},{"bg":14,"fg":2},{"bg":14,"fg":2},{"bg":14,"fg":2},{"bg":14,"fg":2},{"bg":14,"fg":2},{"bg":14,"fg":2},{"bg":14,"fg":2},{"bg":14,"fg":2},{"bg":14,"fg":2},{"bg":14,"fg":2},{"bg":14,"fg":2},{"bg":14,"fg":2},{"bg":14,"fg":2},{"bg":14,"fg":2},{"bg":14,"fg":2},{"bg":14,"fg":2},{"bg":14,"fg":2},{"bg":14,"fg":2},{"bg":14,"fg":2},{"bg":14,"fg":2},{"bg":14,"fg":2},{"bg":14,"fg":2},{"bg":14,"fg":2},{"bg":14,"fg":2},{"bg":14,"fg":2},{"bg":14,"fg":2},{"bg":14,"fg":2},{"bg":14,"fg":2},{"bg":14,"fg":2},{"bg":14,"fg":2},{"bg":14,"fg":2},{"bg":14,"fg":2},{"bg":14,"fg":2},{"bg":14,"fg":2},{"bg":14,"fg":2},{"bg":14,"fg":2},{"bg":14,"fg":2},{"bg":14,"fg":2},{"bg":14,"fg":2},{"bg":14,"fg":2},{"bg":14,"fg":2},{"bg":14,"fg":2},{"bg":14,"fg":2},{"bg":14,"fg":2},{"bg":14,"fg":2},{"bg":14,"fg":2},{"bg":14,"fg":2},{"bg":14,"fg":2},{"bg":14,"fg":2},{"bg":14,"fg":2},{"bg":14,"fg":2},{"bg":14,"fg":2},{"bg":14,"fg":2},{"bg":14,"fg":2},{"bg":14,"fg":2},{"bg":14,"fg":2},{"bg":14,"fg":2},{"bg":14,"fg":2},{"bg":14,"fg":2},{"bg":14,"fg":2},{"bg":14,"fg":10},{"bg":14,"fg":10},{"bg":14,"fg":2},{"bg":14,"fg":2},{"bg":14,"fg":2},{"bg":14,"fg":2},{"bg":14,"fg":2},{"bg":14,"fg":2},{"bg":14,"fg":2},{"bg":14,"fg":2},{"bg":14,"fg":2},{"bg":14,"fg":2},{"bg":14,"fg":2},{"bg":14,"fg":2},{"bg":14,"fg":2},{"bg":14,"fg":2},{"bg":14,"fg":2},{"bg":14,"fg":2},{"bg":14,"fg":2},{"bg":14,"fg":2},{"bg":14,"fg":2},{"bg":14,"fg":2},{"bg":14,"fg":2},{"bg":14,"fg":2},{"bg":14,"fg":2},{"bg":14,"fg":2},{"bg":14,"fg":10},{"bg":14,"fg":2},{"bg":14,"fg":2},{"bg":14,"fg":2},{"bg":14,"fg":2},{"bg":14,"fg":2},{"bg":14,"fg":2},{"bg":14,"fg":2},{"bg":14,"fg":2},{"bg":14,"fg":2},{"bg":14,"fg":2},{"bg":14,"fg":2},{"bg":14,"fg":2},{"bg":14,"fg":10},{"bg":14,"fg":2},{"bg":14,"fg":2},{"bg":14,"fg":2},{"bg":14,"fg":2},{"bg":14,"fg":2},{"bg":14,"fg":2},{"bg":14,"fg":2},{"bg":14,"fg":2},{"bg":14,"fg":2},{"bg":14,"fg":2},{"bg":14,"fg":2},{"bg":14,"fg":2},{"bg":14,"fg":2},{"bg":14,"fg":2},{"bg":14,"fg":2},{"bg":14,"fg":2},{"bg":14,"fg":10},{"bg":14,"fg":2},{"bg":14,"fg":2},{"bg":14,"fg":2},{"bg":14,"fg":2},{"bg":14,"fg":2},{"bg":14,"fg":2},{"bg":14,"fg":2},{"bg":14,"fg":2},{"bg":14,"fg":2},{"bg":14,"fg":2},{"bg":14,"fg":2},{"bg":14,"fg":2},{"bg":14,"fg":2},{"bg":14,"fg":2},{"bg":14,"fg":2},{"bg":14,"fg":2},{"bg":14,"fg":2},{"bg":14,"fg":10},{"bg":14,"fg":2},{"bg":14,"fg":2},{"bg":14,"fg":2},{"bg":14,"fg":2},{"bg":14,"fg":2},{"bg":14,"fg":2},{"bg":14,"fg":2},{"bg":14,"fg":2},{"bg":14,"fg":2},{"bg":14,"fg":2},{"bg":14,"fg":2},{"bg":14,"fg":2},{"bg":14,"fg":2},{"bg":14,"fg":2},{"bg":14,"fg":2},{"bg":14,"fg":2},{"bg":14,"fg":2},{"bg":14,"fg":2},{"bg":14,"fg":2},{"bg":14,"fg":2},{"bg":14,"fg":10},{"bg":14,"fg":2},{"bg":14,"fg":2},{"bg":14,"fg":2},{"bg":14,"fg":2},{"bg":14,"fg":2},{"bg":14,"fg":2},{"bg":14,"fg":2},{"bg":14,"fg":2},{"bg":14,"fg":2},{"bg":14,"fg":2},{"bg":14,"fg":2},{"bg":14,"fg":2},{"bg":14,"fg":2},{"bg":14,"fg":2},{"bg":14,"fg":2},{"bg":14,"fg":2},{"bg":14,"fg":2},{"bg":14,"fg":2},{"bg":14,"fg":2},{"bg":14,"fg":2},{"bg":14,"fg":2},{"bg":14,"fg":2},{"bg":14,"fg":2},{"bg":14,"fg":2},{"bg":14,"fg":2},{"bg":14,"fg":2},{"bg":14,"fg":2},{"bg":14,"fg":2},{"bg":14,"fg":2},{"bg":14,"fg":2},{"bg":14,"fg":2},{"bg":14,"fg":2},{"bg":14,"fg":2},{"bg":14,"fg":2},{"bg":14,"fg":2},{"bg":14,"fg":2},{"bg":14,"fg":2},{"bg":14,"fg":2},{"bg":14,"fg":2},{"bg":14,"fg":2},{"bg":14,"fg":2},{"bg":14,"fg":2},{"bg":14,"fg":2},{"bg":14,"fg":2},{"bg":14,"fg":2},{"bg":14,"fg":2},{"bg":14,"fg":2},{"bg":14,"fg":2},{"bg":14,"fg":2},{"bg":14,"fg":2},{"bg":14,"fg":10},{"bg":14,"fg":2},{"bg":14,"fg":2},{"bg":14,"fg":2},{"bg":14,"fg":2},{"bg":14,"fg":2},{"bg":14,"fg":2},{"bg":14,"fg":2},{"bg":14,"fg":2},{"bg":14,"fg":2},{"bg":14,"fg":2},{"bg":14,"fg":2},{"bg":14,"fg":2},{"bg":14,"fg":2},{"bg":14,"fg":2},{"bg":14,"fg":2},{"bg":14,"fg":2},{"bg":14,"fg":2},{"bg":14,"fg":2},{"bg":14,"fg":2},{"bg":14,"fg":2},{"bg":14,"fg":2},{"bg":14,"fg":2},{"bg":14,"fg":2},{"bg":14,"fg":2},{"bg":14,"fg":2},{"bg":14,"fg":2},{"bg":14,"fg":2},{"bg":14,"fg":2},{"bg":14,"fg":2},{"bg":14,"fg":2},{"bg":14,"fg":2},{"bg":14,"fg":2},{"bg":14,"fg":2},{"bg":14,"fg":2},{"bg":14,"fg":2},{"bg":14,"fg":2},{"bg":14,"fg":2},{"bg":14,"fg":2},{"bg":14,"fg":2},{"bg":14,"fg":2},{"bg":14,"fg":2},{"bg":14,"fg":2},{"bg":14,"fg":2},{"bg":14,"fg":2},{"bg":14,"fg":2},{"bg":14,"fg":2},{"bg":14,"fg":2},{"bg":14,"fg":2},{"bg":14,"fg":2},{"bg":14,"fg":2},{"bg":14,"fg":2},{"bg":14,"fg":2},{"bg":14,"fg":2},{"bg":14,"fg":2},{"bg":14,"fg":2},{"bg":14,"fg":2},{"bg":14,"fg":2},{"bg":14,"fg":2},{"bg":14,"fg":2},{"bg":14,"fg":2},{"bg":14,"fg":2},{"bg":14,"fg":2},{"bg":14,"fg":2},{"bg":14,"fg":2},{"bg":14,"fg":2},{"bg":14,"fg":2},{"bg":14,"fg":2},{"bg":14,"fg":2},{"bg":14,"fg":2},{"bg":14,"fg":2},{"bg":14,"fg":2},{"bg":14,"fg":2},{"bg":14,"fg":2},{"bg":14,"fg":2},{"bg":14,"fg":2},{"bg":14,"fg":2},{"bg":14,"fg":2},{"bg":14,"fg":2},{"bg":14,"fg":2},{"bg":14,"fg":2},{"bg":14,"fg":2},{"bg":14,"fg":2},{"bg":14,"fg":2},{"bg":14,"fg":2},{"bg":14,"fg":10},{"bg":14,"fg":2},{"bg":14,"fg":2},{"bg":14,"fg":2},{"bg":14,"fg":2},{"bg":14,"fg":2},{"bg":14,"fg":2},{"bg":14,"fg":2},{"bg":14,"fg":2},{"bg":14,"fg":2},{"bg":14,"fg":2},{"bg":14,"fg":2},{"bg":14,"fg":2},{"bg":14,"fg":2},{"bg":14,"fg":2},{"bg":14,"fg":2},{"bg":14,"fg":2},{"bg":14,"fg":2},{"bg":14,"fg":2},{"bg":14,"fg":2},{"bg":14,"fg":2},{"bg":14,"fg":2},{"bg":14,"fg":2},{"bg":14,"fg":2},{"bg":14,"fg":2},{"bg":14,"fg":2},{"bg":14,"fg":2},{"bg":14,"fg":2},{"bg":14,"fg":2},{"bg":14,"fg":2},{"bg":14,"fg":2},{"bg":14,"fg":2},{"bg":14,"fg":2},{"bg":14,"fg":2},{"bg":14,"fg":2},{"bg":14,"fg":2},{"bg":14,"fg":2},{"bg":14,"fg":2},{"bg":14,"fg":2},{"bg":14,"fg":2},{"bg":14,"fg":2},{"bg":14,"fg":2},{"bg":14,"fg":2},{"bg":14,"fg":2},{"bg":14,"fg":2},{"bg":14,"fg":2},{"bg":14,"fg":2},{"bg":14,"fg":2},{"bg":14,"fg":2},{"bg":14,"fg":2},{"bg":14,"fg":2},{"bg":14,"fg":2},{"bg":14,"fg":2},{"bg":14,"fg":2},{"bg":14,"fg":2},{"bg":14,"fg":2},{"bg":14,"fg":2},{"bg":14,"fg":2},{"bg":14,"fg":2},{"bg":14,"fg":2},{"bg":14,"fg":2},{"bg":14,"fg":2},{"bg":14,"fg":2},{"bg":14,"fg":2},{"bg":14,"fg":2},{"bg":14,"fg":2},{"bg":14,"fg":2},{"bg":14,"fg":2},{"bg":14,"fg":2},{"bg":14,"fg":2},{"bg":14,"fg":10},{"bg":14,"fg":2},{"bg":14,"fg":2},{"bg":14,"fg":2},{"bg":14,"fg":2},{"bg":14,"fg":2},{"bg":14,"fg":2},{"bg":14,"fg":2},{"bg":14,"fg":2},{"bg":14,"fg":2},{"bg":14,"fg":2},{"bg":14,"fg":2},{"bg":14,"fg":2},{"bg":14,"fg":2},{"bg":14,"fg":10},{"bg":14,"fg":2},{"bg":14,"fg":2},{"bg":14,"fg":2},{"bg":14,"fg":2},{"bg":14,"fg":2},{"bg":14,"fg":2},{"bg":14,"fg":2},{"bg":14,"fg":2},{"bg":14,"fg":2},{"bg":14,"fg":2},{"bg":14,"fg":2},{"bg":14,"fg":2},{"bg":14,"fg":2},{"bg":14,"fg":2},{"bg":14,"fg":2},{"bg":14,"fg":2},{"bg":14,"fg":2},{"bg":14,"fg":2},{"bg":14,"fg":2},{"bg":14,"fg":2},{"bg":14,"fg":10},{"bg":14,"fg":2},{"bg":14,"fg":2},{"bg":14,"fg":2},{"bg":14,"fg":2},{"bg":14,"fg":2},{"bg":14,"fg":2},{"bg":14,"fg":2},{"bg":14,"fg":2},{"bg":14,"fg":2},{"bg":14,"fg":2},{"bg":14,"fg":2},{"bg":14,"fg":2},{"bg":14,"fg":2},{"bg":14,"fg":2},{"bg":14,"fg":2},{"bg":14,"fg":2},{"bg":14,"fg":2},{"bg":14,"fg":2},{"bg":14,"fg":2},{"bg":14,"fg":2},{"bg":14,"fg":2},{"bg":14,"fg":2},{"bg":14,"fg":2},{"bg":14,"fg":2},{"bg":14,"fg":2},{"bg":14,"fg":2},{"bg":14,"fg":2},{"bg":14,"fg":2},{"bg":14,"fg":2},{"bg":14,"fg":2},{"bg":14,"fg":2},{"bg":14,"fg":2},{"bg":14,"fg":2},{"bg":14,"fg":2},{"bg":14,"fg":2},{"bg":14,"fg":2},{"bg":14,"fg":2},{"bg":14,"fg":2},{"bg":14,"fg":2},{"bg":14,"fg":2},{"bg":14,"fg":2},{"bg":14,"fg":2},{"bg":14,"fg":2},{"bg":14,"fg":2},{"bg":14,"fg":2},{"bg":14,"fg":2},{"bg":14,"fg":2},{"bg":14,"fg":2},{"bg":14,"fg":2},{"bg":14,"fg":2},{"bg":14,"fg":2},{"bg":14,"fg":2},{"bg":14,"fg":2},{"bg":14,"fg":10},{"bg":14,"fg":2},{"bg":14,"fg":2},{"bg":14,"fg":2},{"bg":14,"fg":2},{"bg":14,"fg":2},{"bg":14,"fg":2},{"bg":14,"fg":10},{"bg":14,"fg":2},{"bg":14,"fg":2},{"bg":14,"fg":2},{"bg":14,"fg":2},{"bg":14,"fg":2},{"bg":14,"fg":2},{"bg":14,"fg":2},{"bg":14,"fg":2},{"bg":14,"fg":2},{"bg":14,"fg":2},{"bg":14,"fg":2},{"bg":14,"fg":10},{"bg":14,"fg":2},{"bg":14,"fg":2},{"bg":14,"fg":2},{"bg":14,"fg":2},{"bg":14,"fg":2},{"bg":14,"fg":2},{"bg":14,"fg":2},{"bg":14,"fg":2},{"bg":14,"fg":2},{"bg":14,"fg":2},{"bg":14,"fg":2},{"bg":14,"fg":10},{"bg":14,"fg":2},{"bg":14,"fg":2},{"bg":14,"fg":2},{"bg":14,"fg":2},{"bg":14,"fg":2},{"bg":14,"fg":2},{"bg":14,"fg":2},{"bg":14,"fg":2},{"bg":14,"fg":2},{"bg":14,"fg":2},{"bg":14,"fg":2},{"bg":14,"fg":2},{"bg":14,"fg":2},{"bg":14,"fg":2},{"bg":14,"fg":2},{"bg":14,"fg":2},{"bg":14,"fg":2},{"bg":14,"fg":2},{"bg":14,"fg":2},{"bg":14,"fg":2},{"bg":14,"fg":2},{"bg":14,"fg":2},{"bg":14,"fg":2},{"bg":14,"fg":2},{"bg":14,"fg":2},{"bg":14,"fg":2},{"bg":14,"fg":2},{"bg":14,"fg":2},{"bg":14,"fg":2},{"bg":14,"fg":2},{"bg":14,"fg":2},{"bg":14,"fg":2},{"bg":14,"fg":2},{"bg":14,"fg":2},{"bg":14,"fg":2},{"bg":14,"fg":2},{"bg":14,"fg":2},{"bg":14,"fg":2},{"bg":14,"fg":2},{"bg":14,"fg":2},{"bg":14,"fg":2},{"bg":14,"fg":2},{"bg":14,"fg":2},{"bg":14,"fg":2},{"bg":14,"fg":2},{"bg":14,"fg":2},{"bg":14,"fg":2},{"bg":14,"fg":2},{"bg":14,"fg":2},{"bg":14,"fg":2},{"bg":14,"fg":2},{"bg":14,"fg":2},{"bg":14,"fg":2},{"bg":14,"fg":2},{"bg":14,"fg":2},{"bg":14,"fg":2},{"bg":14,"fg":2},{"bg":14,"fg":2},{"bg":14,"fg":2},{"bg":14,"fg":2},{"bg":14,"fg":10},{"bg":14,"fg":2},{"bg":14,"fg":2},{"bg":14,"fg":2},{"bg":14,"fg":2},{"bg":14,"fg":2},{"bg":14,"fg":2},{"bg":14,"fg":2},{"bg":14,"fg":2},{"bg":14,"fg":2},{"bg":14,"fg":2},{"bg":14,"fg":2},{"bg":14,"fg":2},{"bg":14,"fg":2},{"bg":14,"fg":2},{"bg":14,"fg":10},{"bg":14,"fg":2},{"bg":14,"fg":2},{"bg":14,"fg":2},{"bg":14,"fg":2},{"bg":14,"fg":2},{"bg":14,"fg":2},{"bg":14,"fg":2},{"bg":14,"fg":2},{"bg":14,"fg":2},{"bg":14,"fg":2},{"bg":14,"fg":2},{"bg":14,"fg":2},{"bg":14,"fg":2},{"bg":14,"fg":2},{"bg":14,"fg":2},{"bg":14,"fg":2},{"bg":14,"fg":2},{"bg":14,"fg":2},{"bg":14,"fg":2},{"bg":14,"fg":2},{"bg":14,"fg":2},{"bg":14,"fg":2},{"bg":14,"fg":2},{"bg":14,"fg":2},{"bg":14,"fg":2},{"bg":14,"fg":2},{"bg":14,"fg":2},{"bg":14,"fg":2},{"bg":14,"fg":2},{"bg":14,"fg":2},{"bg":14,"fg":2},{"bg":14,"fg":2},{"bg":14,"fg":2},{"bg":14,"fg":2},{"bg":14,"fg":2},{"bg":14,"fg":2},{"bg":14,"fg":2},{"bg":14,"fg":2},{"bg":14,"fg":2},{"bg":14,"fg":2},{"bg":14,"fg":2},{"bg":14,"fg":2},{"bg":14,"fg":2},{"bg":14,"fg":2},{"bg":14,"fg":2},{"bg":14,"fg":2},{"bg":14,"fg":2},{"bg":14,"fg":2},{"bg":14,"fg":2},{"bg":14,"fg":2},{"bg":14,"fg":2},{"bg":14,"fg":2},{"bg":14,"fg":2},{"bg":14,"fg":2},{"bg":14,"fg":2},{"bg":14,"fg":2},{"bg":14,"fg":2},{"bg":14,"fg":2},{"bg":14,"fg":2},{"bg":14,"fg":2},{"bg":14,"fg":2},{"bg":14,"fg":2},{"bg":14,"fg":2},{"bg":14,"fg":2},{"bg":14,"fg":2},{"bg":14,"fg":2},{"bg":14,"fg":2},{"bg":14,"fg":2},{"bg":14,"fg":2},{"bg":14,"fg":2},{"bg":14,"fg":2},{"bg":14,"fg":2},{"bg":14,"fg":2},{"bg":14,"fg":2},{"bg":14,"fg":2},{"bg":14,"fg":2},{"bg":14,"fg":2},{"bg":14,"fg":2},{"bg":14,"fg":2},{"bg":14,"fg":2},{"bg":14,"fg":2},{"bg":14,"fg":2},{"bg":14,"fg":2},{"bg":14,"fg":2},{"bg":14,"fg":2},{"bg":14,"fg":2},{"bg":14,"fg":2},{"bg":14,"fg":2},{"bg":14,"fg":2},{"bg":14,"fg":2},{"bg":14,"fg":2},{"bg":14,"fg":2},{"bg":14,"fg":2},{"bg":14,"fg":2},{"bg":14,"fg":2},{"bg":14,"fg":2},{"bg":14,"fg":2},{"bg":14,"fg":2},{"bg":14,"fg":2},{"bg":14,"fg":2},{"bg":14,"fg":10},{"bg":14,"fg":2},{"bg":14,"fg":2},{"bg":14,"fg":2},{"bg":14,"fg":2},{"bg":14,"fg":2},{"bg":14,"fg":2},{"bg":14,"fg":2},{"bg":14,"fg":2},{"bg":14,"fg":2},{"bg":14,"fg":2},{"bg":14,"fg":2},{"bg":14,"fg":2},{"bg":14,"fg":2},{"bg":14,"fg":2},{"bg":14,"fg":2},{"bg":14,"fg":2},{"bg":14,"fg":2},{"bg":14,"fg":2},{"bg":14,"fg":2},{"bg":14,"fg":2},{"bg":14,"fg":2},{"bg":14,"fg":2},{"bg":14,"fg":2},{"bg":14,"fg":2},{"bg":14,"fg":2},{"bg":14,"fg":2},{"bg":14,"fg":2},{"bg":14,"fg":2},{"bg":14,"fg":2},{"bg":14,"fg":2},{"bg":14,"fg":2},{"bg":14,"fg":2},{"bg":14,"fg":2},{"bg":14,"fg":2},{"bg":14,"fg":2},{"bg":14,"fg":2},{"bg":14,"fg":2},{"bg":14,"fg":2},{"bg":14,"fg":2},{"bg":14,"fg":2},{"bg":14,"fg":2},{"bg":14,"fg":10},{"bg":14,"fg":2},{"bg":14,"fg":2},{"bg":14,"fg":2},{"bg":14,"fg":2},{"bg":14,"fg":2},{"bg":14,"fg":2},{"bg":14,"fg":2},{"bg":14,"fg":2},{"bg":14,"fg":2},{"bg":14,"fg":2},{"bg":14,"fg":2},{"bg":14,"fg":2},{"bg":14,"fg":2},{"bg":14,"fg":2},{"bg":14,"fg":2},{"bg":14,"fg":2},{"bg":14,"fg":2},{"bg":14,"fg":2},{"bg":14,"fg":2},{"bg":14,"fg":2},{"bg":14,"fg":2},{"bg":14,"fg":2},{"bg":14,"fg":2},{"bg":14,"fg":2},{"bg":14,"fg":2},{"bg":14,"fg":2},{"bg":14,"fg":2},{"bg":14,"fg":2},{"bg":14,"fg":2},{"bg":14,"fg":2},{"bg":14,"fg":2},{"bg":14,"fg":2},{"bg":14,"fg":2},{"bg":14,"fg":2},{"bg":14,"fg":2},{"bg":14,"fg":2},{"bg":14,"fg":2},{"bg":14,"fg":2},{"bg":14,"fg":2},{"bg":14,"fg":2},{"bg":14,"fg":2},{"bg":14,"fg":2},{"bg":14,"fg":2},{"bg":14,"fg":2},{"bg":14,"fg":2},{"bg":14,"fg":2},{"bg":14,"fg":2},{"bg":14,"fg":2},{"bg":14,"fg":2},{"bg":14,"fg":2},{"bg":14,"fg":2},{"bg":14,"fg":2},{"bg":14,"fg":2},{"bg":14,"fg":2},{"bg":14,"fg":2},{"bg":14,"fg":2},{"bg":14,"fg":2},{"bg":14,"fg":2},{"bg":14,"fg":2},{"bg":14,"fg":2},{"bg":14,"fg":2},{"bg":14,"fg":2},{"bg":14,"fg":2},{"bg":14,"fg":2},{"bg":14,"fg":2},{"bg":14,"fg":2},{"bg":14,"fg":2},{"bg":14,"fg":2},{"bg":14,"fg":2},{"bg":14,"fg":2},{"bg":14,"fg":2},{"bg":14,"fg":2},{"bg":14,"fg":2},{"bg":14,"fg":2},{"bg":14,"fg":2},{"bg":14,"fg":2},{"bg":14,"fg":2},{"bg":14,"fg":2},{"bg":14,"fg":2},{"bg":14,"fg":2},{"bg":14,"fg":2},{"bg":14,"fg":2},{"bg":14,"fg":2},{"bg":14,"fg":2},{"bg":14,"fg":2},{"bg":14,"fg":2},{"bg":14,"fg":2},{"bg":14,"fg":2},{"bg":14,"fg":2},{"bg":14,"fg":2},{"bg":14,"fg":2},{"bg":14,"fg":2},{"bg":14,"fg":2},{"bg":14,"fg":2},{"bg":14,"fg":10},{"bg":14,"fg":2},{"bg":14,"fg":2},{"bg":14,"fg":2},{"bg":14,"fg":2},{"bg":14,"fg":2},{"bg":14,"fg":2},{"bg":14,"fg":2},{"bg":14,"fg":2},{"bg":14,"fg":2},{"bg":14,"fg":2},{"bg":14,"fg":2},{"bg":14,"fg":2},{"bg":14,"fg":2},{"bg":14,"fg":2},{"bg":14,"fg":2},{"bg":14,"fg":2},{"bg":14,"fg":2},{"bg":14,"fg":2},{"bg":14,"fg":2},{"bg":14,"fg":2},{"bg":14,"fg":10},{"bg":14,"fg":2},{"bg":14,"fg":2},{"bg":14,"fg":2},{"bg":14,"fg":10},{"bg":14,"fg":2},{"bg":14,"fg":2},{"bg":14,"fg":2},{"bg":14,"fg":2},{"bg":14,"fg":2},{"bg":14,"fg":2},{"bg":14,"fg":2},{"bg":14,"fg":2},{"bg":14,"fg":2},{"bg":14,"fg":2},{"bg":14,"fg":2},{"bg":14,"fg":2},{"bg":14,"fg":2},{"bg":14,"fg":2},{"bg":14,"fg":2},{"bg":14,"fg":2},{"bg":14,"fg":2},{"bg":14,"fg":2},{"bg":14,"fg":2},{"bg":14,"fg":2},{"bg":14,"fg":2},{"bg":14,"fg":2},{"bg":14,"fg":2},{"bg":14,"fg":2},{"bg":14,"fg":2},{"bg":14,"fg":2},{"bg":14,"fg":2},{"bg":14,"fg":2},{"bg":14,"fg":2},{"bg":14,"fg":2},{"bg":14,"fg":2},{"bg":14,"fg":2},{"bg":14,"fg":2},{"bg":14,"fg":2},{"bg":14,"fg":2},{"bg":14,"fg":2},{"bg":14,"fg":2},{"bg":14,"fg":2},{"bg":14,"fg":2},{"bg":14,"fg":2},{"bg":14,"fg":2},{"bg":14,"fg":2},{"bg":14,"fg":2},{"bg":14,"fg":2},{"bg":14,"fg":2},{"bg":14,"fg":2},{"bg":14,"fg":2},{"bg":14,"fg":2},{"bg":14,"fg":10},{"bg":14,"fg":2},{"bg":14,"fg":2},{"bg":14,"fg":2},{"bg":14,"fg":2},{"bg":14,"fg":2},{"bg":14,"fg":2},{"bg":14,"fg":2},{"bg":14,"fg":2},{"bg":14,"fg":2},{"bg":14,"fg":2},{"bg":14,"fg":2},{"bg":14,"fg":2},{"bg":14,"fg":2},{"bg":14,"fg":2},{"bg":14,"fg":2},{"bg":14,"fg":2},{"bg":14,"fg":2},{"bg":14,"fg":2},{"bg":14,"fg":2},{"bg":14,"fg":2},{"bg":14,"fg":2},{"bg":14,"fg":2},{"bg":14,"fg":2},{"bg":14,"fg":2},{"bg":14,"fg":2},{"bg":14,"fg":2},{"bg":14,"fg":2},{"bg":14,"fg":2},{"bg":14,"fg":2},{"bg":14,"fg":2},{"bg":14,"fg":2},{"bg":14,"fg":2},{"bg":14,"fg":2},{"bg":14,"fg":2},{"bg":14,"fg":2},{"bg":14,"fg":2},{"bg":14,"fg":2},{"bg":14,"fg":2},{"bg":14,"fg":2},{"bg":14,"fg":10},{"bg":14,"fg":2},{"bg":14,"fg":2},{"bg":14,"fg":2},{"bg":14,"fg":2},{"bg":14,"fg":2},{"bg":14,"fg":2},{"bg":14,"fg":2},{"bg":14,"fg":2},{"bg":14,"fg":2},{"bg":14,"fg":2},{"bg":14,"fg":2},{"bg":14,"fg":2},{"bg":14,"fg":10},{"bg":14,"fg":2},{"bg":14,"fg":2},{"bg":14,"fg":2},{"bg":14,"fg":2},{"bg":14,"fg":2},{"bg":14,"fg":2},{"bg":14,"fg":2},{"bg":14,"fg":2},{"bg":14,"fg":2},{"bg":14,"fg":2},{"bg":14,"fg":2},{"bg":14,"fg":2},{"bg":14,"fg":2},{"bg":14,"fg":2},{"bg":14,"fg":2},{"bg":14,"fg":2},{"bg":14,"fg":2},{"bg":14,"fg":2},{"bg":14,"fg":2},{"bg":14,"fg":2},{"bg":14,"fg":2},{"bg":14,"fg":2},{"bg":14,"fg":2},{"bg":14,"fg":2},{"bg":14,"fg":2},{"bg":14,"fg":2},{"bg":14,"fg":2},{"bg":14,"fg":2},{"bg":14,"fg":2},{"bg":14,"fg":2},{"bg":14,"fg":2},{"bg":14,"fg":2},{"bg":14,"fg":2},{"bg":14,"fg":2},{"bg":14,"fg":2},{"bg":14,"fg":2},{"bg":14,"fg":2},{"bg":14,"fg":2},{"bg":14,"fg":2},{"bg":14,"fg":2},{"bg":14,"fg":2},{"bg":14,"fg":2},{"bg":14,"fg":2},{"bg":14,"fg":2},{"bg":14,"fg":2},{"bg":14,"fg":2},{"bg":14,"fg":2},{"bg":14,"fg":2},{"bg":14,"fg":2},{"bg":14,"fg":2},{"bg":14,"fg":2},{"bg":14,"fg":2},{"bg":14,"fg":2},{"bg":14,"fg":2},{"bg":14,"fg":2},{"bg":14,"fg":2},{"bg":14,"fg":2},{"bg":14,"fg":2},{"bg":14,"fg":2},{"bg":14,"fg":2},{"bg":14,"fg":2},{"bg":14,"fg":2},{"bg":14,"fg":2},{"bg":14,"fg":2},{"bg":14,"fg":2},{"bg":14,"fg":2},{"bg":14,"fg":2},{"bg":14,"fg":2},{"bg":14,"fg":2},{"bg":14,"fg":2},{"bg":14,"fg":2},{"bg":14,"fg":2},{"bg":14,"fg":2},{"bg":14,"fg":2},{"bg":14,"fg":2},{"bg":14,"fg":2},{"bg":14,"fg":2},{"bg":14,"fg":2},{"bg":14,"fg":2},{"bg":14,"fg":2},{"bg":14,"fg":2},{"bg":14,"fg":2},{"bg":14,"fg":2},{"bg":14,"fg":2},{"bg":14,"fg":2},{"bg":14,"fg":2},{"bg":14,"fg":2},{"bg":14,"fg":2},{"bg":14,"fg":2},{"bg":14,"fg":2},{"bg":14,"fg":2},{"bg":14,"fg":2},{"bg":14,"fg":2},{"bg":14,"fg":2},{"bg":14,"fg":10},{"bg":14,"fg":2},{"bg":14,"fg":2},{"bg":14,"fg":2},{"bg":14,"fg":2},{"bg":14,"fg":2},{"bg":14,"fg":2},{"bg":14,"fg":2},{"bg":14,"fg":2},{"bg":14,"fg":2},{"bg":14,"fg":2},{"bg":14,"fg":2},{"bg":14,"fg":2},{"bg":14,"fg":2},{"bg":14,"fg":2},{"bg":14,"fg":2},{"bg":14,"fg":2},{"bg":14,"fg":2},{"bg":14,"fg":2},{"bg":14,"fg":2},{"bg":14,"fg":2},{"bg":14,"fg":2},{"bg":14,"fg":2},{"bg":14,"fg":2},{"bg":14,"fg":2},{"bg":14,"fg":2},{"bg":14,"fg":2},{"bg":14,"fg":2},{"bg":14,"fg":2},{"bg":14,"fg":2},{"bg":14,"fg":2},{"bg":14,"fg":2},{"bg":14,"fg":2},{"bg":14,"fg":2},{"bg":14,"fg":2},{"bg":14,"fg":2},{"bg":14,"fg":2},{"bg":14,"fg":2},{"bg":14,"fg":2},{"bg":14,"fg":2},{"bg":14,"fg":2},{"bg":14,"fg":2},{"bg":14,"fg":2},{"bg":14,"fg":2},{"bg":14,"fg":2},{"bg":14,"fg":2},{"bg":14,"fg":2},{"bg":14,"fg":2},{"bg":14,"fg":2},{"bg":14,"fg":2},{"bg":14,"fg":2},{"bg":14,"fg":2},{"bg":14,"fg":2},{"bg":14,"fg":2},{"bg":14,"fg":2},{"bg":14,"fg":2},{"bg":14,"fg":2},{"bg":14,"fg":2},{"bg":14,"fg":2},{"bg":14,"fg":10},{"bg":14,"fg":2},{"bg":14,"fg":2},{"bg":14,"fg":2},{"bg":14,"fg":2},{"bg":14,"fg":2},{"bg":14,"fg":2},{"bg":14,"fg":2},{"bg":14,"fg":2},{"bg":14,"fg":2},{"bg":14,"fg":2},{"bg":14,"fg":2},{"bg":14,"fg":2},{"bg":14,"fg":2},{"bg":14,"fg":2},{"bg":14,"fg":2},{"bg":14,"fg":2},{"bg":14,"fg":2},{"bg":14,"fg":2},{"bg":14,"fg":2},{"bg":14,"fg":2},{"bg":14,"fg":2},{"bg":14,"fg":2},{"bg":14,"fg":2},{"bg":14,"fg":2},{"bg":14,"fg":2},{"bg":14,"fg":2},{"bg":14,"fg":2},{"bg":14,"fg":2},{"bg":14,"fg":2},{"bg":14,"fg":2},{"bg":14,"fg":2},{"bg":14,"fg":2},{"bg":14,"fg":2},{"bg":14,"fg":2},{"bg":14,"fg":2},{"bg":14,"fg":2},{"bg":14,"fg":2},{"bg":14,"fg":2},{"bg":14,"fg":2},{"bg":14,"fg":2},{"bg":14,"fg":2},{"bg":14,"fg":2},{"bg":14,"fg":2},{"bg":14,"fg":2},{"bg":14,"fg":2},{"bg":14,"fg":2},{"bg":14,"fg":10},{"bg":14,"fg":2},{"bg":14,"fg":2},{"bg":14,"fg":2},{"bg":14,"fg":2},{"bg":14,"fg":2},{"bg":14,"fg":2},{"bg":14,"fg":2},{"bg":14,"fg":10},{"bg":14,"fg":2},{"bg":14,"fg":2},{"bg":14,"fg":2},{"bg":14,"fg":2},{"bg":14,"fg":2},{"bg":14,"fg":2},{"bg":14,"fg":2},{"bg":14,"fg":2},{"bg":14,"fg":2},{"bg":14,"fg":2},{"bg":14,"fg":2},{"bg":14,"fg":2},{"bg":14,"fg":2},{"bg":14,"fg":2},{"bg":14,"fg":2},{"bg":14,"fg":2},{"bg":14,"fg":2},{"bg":14,"fg":2},{"bg":14,"fg":2},{"bg":14,"fg":2},{"bg":14,"fg":2},{"bg":14,"fg":2},{"bg":14,"fg":2},{"bg":14,"fg":2},{"bg":14,"fg":2},{"bg":14,"fg":2},{"bg":14,"fg":2},{"bg":14,"fg":2},{"bg":14,"fg":2},{"bg":14,"fg":2},{"bg":14,"fg":2},{"bg":14,"fg":2},{"bg":14,"fg":2},{"bg":14,"fg":2},{"bg":14,"fg":2},{"bg":14,"fg":10},{"bg":14,"fg":2},{"bg":14,"fg":2},{"bg":14,"fg":2},{"bg":14,"fg":2},{"bg":14,"fg":2},{"bg":14,"fg":2},{"bg":14,"fg":2},{"bg":14,"fg":2},{"bg":14,"fg":2},{"bg":14,"fg":2},{"bg":14,"fg":2},{"bg":14,"fg":2},{"bg":14,"fg":2},{"bg":14,"fg":2},{"bg":14,"fg":2},{"bg":14,"fg":2},{"bg":14,"fg":2},{"bg":14,"fg":2},{"bg":14,"fg":2},{"bg":14,"fg":2},{"bg":14,"fg":2},{"bg":14,"fg":2},{"bg":14,"fg":2},{"bg":14,"fg":10},{"bg":14,"fg":2},{"bg":14,"fg":2},{"bg":14,"fg":2},{"bg":14,"fg":2},{"bg":14,"fg":2},{"bg":14,"fg":2},{"bg":14,"fg":2},{"bg":14,"fg":2},{"bg":14,"fg":2},{"bg":14,"fg":2},{"bg":14,"fg":2},{"bg":14,"fg":2},{"bg":14,"fg":2},{"bg":14,"fg":2},{"bg":14,"fg":2},{"bg":14,"fg":2},{"bg":14,"fg":2},{"bg":14,"fg":2},{"bg":14,"fg":2},{"bg":14,"fg":2},{"bg":14,"fg":2},{"bg":14,"fg":2},{"bg":14,"fg":2},{"bg":14,"fg":2},{"bg":14,"fg":2},{"bg":14,"fg":2},{"bg":14,"fg":2},{"bg":14,"fg":2},{"bg":14,"fg":2},{"bg":14,"fg":2},{"bg":14,"fg":2},{"bg":14,"fg":2},{"bg":14,"fg":2},{"bg":14,"fg":2},{"bg":14,"fg":2},{"bg":14,"fg":2},{"bg":14,"fg":2},{"bg":14,"fg":2},{"bg":14,"fg":2},{"bg":14,"fg":2},{"bg":14,"fg":2},{"bg":14,"fg":2},{"bg":14,"fg":4},{"bg":14,"fg":2},{"bg":14,"fg":2},{"bg":14,"fg":2},{"bg":14,"fg":2},{"bg":14,"fg":2},{"bg":14,"fg":2},{"bg":14,"fg":4},{"bg":14,"fg":2},{"bg":14,"fg":2},{"bg":14,"fg":2},{"bg":14,"fg":10},{"bg":14,"fg":2},{"bg":14,"fg":2},{"bg":14,"fg":10},{"bg":14,"fg":2},{"bg":14,"fg":2},{"bg":14,"fg":2},{"bg":14,"fg":2},{"bg":14,"fg":2},{"bg":14,"fg":2},{"bg":14,"fg":4},{"bg":14,"fg":2},{"bg":14,"fg":2},{"bg":14,"fg":2},{"bg":14,"fg":2},{"bg":14,"fg":2},{"bg":14,"fg":2},{"bg":14,"fg":4},{"bg":14,"fg":2},{"bg":14,"fg":2},{"bg":14,"fg":2},{"bg":14,"fg":2},{"bg":14,"fg":2},{"bg":14,"fg":2},{"bg":14,"fg":4},{"bg":14,"fg":2},{"bg":14,"fg":2},{"bg":14,"fg":2},{"bg":14,"fg":2},{"bg":14,"fg":2},{"bg":14,"fg":2},{"bg":14,"fg":4},{"bg":14,"fg":2},{"bg":14,"fg":2},{"bg":14,"fg":2},{"bg":14,"fg":2},{"bg":14,"fg":2},{"bg":14,"fg":2},{"bg":14,"fg":4},{"bg":14,"fg":2},{"bg":14,"fg":2},{"bg":14,"fg":2},{"bg":14,"fg":2},{"bg":14,"fg":2},{"bg":14,"fg":2},{"bg":14,"fg":4},{"bg":14,"fg":2},{"bg":14,"fg":2},{"bg":14,"fg":2},{"bg":14,"fg":2},{"bg":14,"fg":2},{"bg":14,"fg":2},{"bg":14,"fg":4},{"bg":14,"fg":2},{"bg":14,"fg":2},{"bg":14,"fg":2},{"bg":14,"fg":2},{"bg":14,"fg":2},{"bg":14,"fg":2},{"bg":14,"fg":4},{"bg":14,"fg":10},{"bg":14,"fg":2},{"bg":14,"fg":2},{"bg":14,"fg":2},{"bg":14,"fg":2},{"bg":14,"fg":2},{"bg":14,"fg":4},{"bg":14,"fg":2},{"bg":14,"fg":2},{"bg":14,"fg":2},{"bg":14,"fg":2},{"bg":14,"fg":2},{"bg":14,"fg":2},{"bg":14,"fg":4},{"bg":14,"fg":2},{"bg":14,"fg":2},{"bg":14,"fg":2},{"bg":14,"fg":2},{"bg":14,"fg":2},{"bg":14,"fg":2},{"bg":14,"fg":4},{"bg":14,"fg":2},{"bg":14,"fg":2},{"bg":14,"fg":2},{"bg":14,"fg":2},{"bg":14,"fg":2},{"bg":14,"fg":2},{"bg":14,"fg":4},{"bg":14,"fg":2},{"bg":14,"fg":2},{"bg":14,"fg":2},{"bg":14,"fg":2},{"bg":14,"fg":2},{"bg":14,"fg":2},{"bg":14,"fg":4},{"bg":14,"fg":2},{"bg":14,"fg":2},{"bg":14,"fg":2},{"bg":14,"fg":2},{"bg":14,"fg":2},{"bg":14,"fg":2},{"bg":14,"fg":4},{"bg":14,"fg":2},{"bg":14,"fg":2},{"bg":14,"fg":2},{"bg":14,"fg":2},{"bg":14,"fg":2},{"bg":14,"fg":2},{"bg":14,"fg":10},{"bg":14,"fg":2},{"bg":14,"fg":2},{"bg":14,"fg":2},{"bg":14,"fg":2},{"bg":14,"fg":2},{"bg":14,"fg":2},{"bg":14,"fg":4},{"bg":14,"fg":10},{"bg":14,"fg":2},{"bg":14,"fg":2},{"bg":14,"fg":2},{"bg":14,"fg":2},{"bg":14,"fg":2},{"bg":14,"fg":4},{"bg":14,"fg":2},{"bg":14,"fg":2},{"bg":14,"fg":2},{"bg":14,"fg":2},{"bg":14,"fg":2},{"bg":14,"fg":2},{"bg":14,"fg":4},{"bg":14,"fg":2},{"bg":14,"fg":2},{"bg":14,"fg":2},{"bg":14,"fg":2},{"bg":14,"fg":2},{"bg":14,"fg":2},{"bg":14,"fg":4},{"bg":14,"fg":2},{"bg":14,"fg":2},{"bg":14,"fg":2},{"bg":14,"fg":2},{"bg":14,"fg":2},{"bg":14,"fg":2},{"bg":14,"fg":4},{"bg":14,"fg":2},{"bg":14,"fg":2},{"bg":14,"fg":2},{"bg":14,"fg":2},{"bg":14,"fg":2},{"bg":14,"fg":2},{"bg":14,"fg":4},{"bg":14,"fg":2},{"bg":14,"fg":2},{"bg":14,"fg":2},{"bg":14,"fg":2},{"bg":14,"fg":2},{"bg":14,"fg":2},{"bg":14,"fg":4},{"bg":14,"fg":2},{"bg":14,"fg":2},{"bg":14,"fg":2},{"bg":14,"fg":2},{"bg":14,"fg":2},{"bg":14,"fg":2},{"bg":14,"fg":4},{"bg":14,"fg":2},{"bg":14,"fg":2},{"bg":14,"fg":2},{"bg":14,"fg":2},{"bg":14,"fg":2},{"bg":14,"fg":2},{"bg":14,"fg":4},{"bg":14,"fg":2},{"bg":14,"fg":2},{"bg":14,"fg":2},{"bg":14,"fg":2},{"bg":14,"fg":2},{"bg":14,"fg":2},{"bg":14,"fg":4},{"bg":14,"fg":2},{"bg":14,"fg":2},{"bg":14,"fg":2},{"bg":14,"fg":2},{"bg":14,"fg":2},{"bg":14,"fg":2},{"bg":14,"fg":4},{"bg":14,"fg":2},{"bg":14,"fg":2},{"bg":14,"fg":2},{"bg":14,"fg":2},{"bg":14,"fg":2},{"bg":14,"fg":2},{"bg":14,"fg":4},{"bg":14,"fg":2},{"bg":14,"fg":2},{"bg":14,"fg":2},{"bg":14,"fg":2},{"bg":14,"fg":2},{"bg":14,"fg":2},{"bg":14,"fg":4},{"bg":14,"fg":2},{"bg":14,"fg":2},{"bg":14,"fg":2},{"bg":14,"fg":2},{"bg":14,"fg":2},{"bg":14,"fg":2},{"bg":14,"fg":4},{"bg":14,"fg":2},{"bg":14,"fg":2},{"bg":14,"fg":2},{"bg":14,"fg":2},{"bg":14,"fg":2},{"bg":14,"fg":2},{"bg":14,"fg":4},{"bg":14,"fg":2},{"bg":14,"fg":2},{"bg":14,"fg":2},{"bg":14,"fg":2},{"bg":14,"fg":2},{"bg":14,"fg":2},{"bg":14,"fg":4},{"bg":14,"fg":2},{"bg":14,"fg":10},{"bg":14,"fg":2},{"bg":14,"fg":2},{"bg":14,"fg":2},{"bg":14,"fg":2},{"bg":14,"fg":4},{"bg":14,"fg":2},{"bg":14,"fg":2},{"bg":14,"fg":2},{"bg":14,"fg":2},{"bg":14,"fg":2},{"bg":14,"fg":2},{"bg":14,"fg":4},{"bg":14,"fg":2},{"bg":14,"fg":2},{"bg":14,"fg":2},{"bg":14,"fg":2},{"bg":14,"fg":2},{"bg":14,"fg":2},{"bg":14,"fg":4},{"bg":14,"fg":2},{"bg":14,"fg":2},{"bg":14,"fg":2},{"bg":14,"fg":2},{"bg":14,"fg":2},{"bg":14,"fg":2},{"bg":14,"fg":4},{"bg":14,"fg":2},{"bg":14,"fg":2},{"bg":14,"fg":2},{"bg":14,"fg":2},{"bg":14,"fg":2},{"bg":14,"fg":2},{"bg":14,"fg":4},{"bg":14,"fg":2},{"bg":14,"fg":2},{"bg":14,"fg":2},{"bg":14,"fg":2},{"bg":14,"fg":2},{"bg":14,"fg":2},{"bg":14,"fg":4},{"bg":14,"fg":2},{"bg":14,"fg":2},{"bg":14,"fg":2},{"bg":14,"fg":2},{"bg":14,"fg":2},{"bg":14,"fg":2},{"bg":14,"fg":4},{"bg":14,"fg":2},{"bg":14,"fg":2},{"bg":14,"fg":2},{"bg":14,"fg":2},{"bg":14,"fg":2},{"bg":14,"fg":2},{"bg":14,"fg":4},{"bg":14,"fg":2},{"bg":14,"fg":2},{"bg":14,"fg":2},{"bg":14,"fg":2},{"bg":14,"fg":2},{"bg":14,"fg":2},{"bg":14,"fg":4},{"bg":14,"fg":2},{"bg":14,"fg":2},{"bg":14,"fg":2},{"bg":14,"fg":2},{"bg":14,"fg":2},{"bg":14,"fg":10},{"bg":14,"fg":4},{"bg":14,"fg":2},{"bg":14,"fg":2},{"bg":14,"fg":2},{"bg":14,"fg":2},{"bg":14,"fg":2},{"bg":14,"fg":2},{"bg":14,"fg":4},{"bg":14,"fg":2},{"bg":14,"fg":2},{"bg":14,"fg":2},{"bg":14,"fg":2},{"bg":14,"fg":2},{"bg":14,"fg":2},{"bg":14,"fg":4},{"bg":14,"fg":2},{"bg":14,"fg":2},{"bg":14,"fg":2},{"bg":14,"fg":2},{"bg":14,"fg":2},{"bg":14,"fg":2},{"bg":14,"fg":4},{"bg":14,"fg":2},{"bg":14,"fg":2},{"bg":14,"fg":2},{"bg":14,"fg":2},{"bg":14,"fg":2},{"bg":14,"fg":2},{"bg":14,"fg":4},{"bg":14,"fg":2},{"bg":14,"fg":2},{"bg":14,"fg":2},{"bg":14,"fg":2},{"bg":14,"fg":2},{"bg":14,"fg":2},{"bg":14,"fg":4},{"bg":14,"fg":2},{"bg":14,"fg":2},{"bg":14,"fg":2},{"bg":14,"fg":2},{"bg":14,"fg":2},{"bg":14,"fg":2},{"bg":14,"fg":4},{"bg":14,"fg":2},{"bg":14,"fg":2},{"bg":14,"fg":2},{"bg":14,"fg":2},{"bg":14,"fg":2},{"bg":14,"fg":2},{"bg":14,"fg":4},{"bg":14,"fg":2},{"bg":14,"fg":2},{"bg":14,"fg":2},{"bg":14,"fg":2},{"bg":14,"fg":2},{"bg":14,"fg":2},{"bg":14,"fg":4},{"bg":14,"fg":2},{"bg":14,"fg":2},{"bg":14,"fg":2},{"bg":14,"fg":2},{"bg":14,"fg":2},{"bg":14,"fg":2},{"bg":14,"fg":4},{"bg":14,"fg":2},{"bg":14,"fg":2},{"bg":14,"fg":2},{"bg":14,"fg":2},{"bg":14,"fg":2},{"bg":14,"fg":10},{"bg":14,"fg":4},{"bg":14,"fg":2},{"bg":14,"fg":2},{"bg":14,"fg":2},{"bg":14,"fg":2},{"bg":14,"fg":2},{"bg":14,"fg":2},{"bg":14,"fg":4},{"bg":14,"fg":2},{"bg":14,"fg":2},{"bg":14,"fg":2},{"bg":14,"fg":10},{"bg":14,"fg":2},{"bg":14,"fg":2},{"bg":14,"fg":4},{"bg":14,"fg":2},{"bg":14,"fg":2},{"bg":14,"fg":2},{"bg":14,"fg":2},{"bg":14,"fg":2},{"bg":14,"fg":2},{"bg":14,"fg":4},{"bg":14,"fg":2},{"bg":14,"fg":2},{"bg":14,"fg":8},{"bg":14,"fg":8},{"bg":14,"fg":8},{"bg":14,"fg":8},{"bg":14,"fg":8},{"bg":14,"fg":8},{"bg":14,"fg":8},{"bg":14,"fg":8},{"bg":14,"fg":8},{"bg":14,"fg":8},{"bg":14,"fg":8},{"bg":14,"fg":8},{"bg":14,"fg":8},{"bg":14,"fg":8},{"bg":14,"fg":8},{"bg":14,"fg":8},{"bg":14,"fg":8},{"bg":14,"fg":8},{"bg":14,"fg":8},{"bg":14,"fg":8},{"bg":14,"fg":8},{"bg":14,"fg":8},{"bg":14,"fg":8},{"bg":14,"fg":8},{"bg":14,"fg":8},{"bg":14,"fg":8},{"bg":14,"fg":8},{"bg":14,"fg":8},{"bg":14,"fg":8},{"bg":14,"fg":8},{"bg":14,"fg":8},{"bg":14,"fg":8},{"bg":14,"fg":8},{"bg":14,"fg":8},{"bg":14,"fg":8},{"bg":14,"fg":8},{"bg":14,"fg":8},{"bg":14,"fg":8},{"bg":14,"fg":8},{"bg":14,"fg":8},{"bg":14,"fg":8},{"bg":14,"fg":8},{"bg":14,"fg":8},{"bg":14,"fg":8},{"bg":14,"fg":8},{"bg":14,"fg":8},{"bg":14,"fg":8},{"bg":14,"fg":8},{"bg":14,"fg":8},{"bg":14,"fg":8},{"bg":14,"fg":8},{"bg":14,"fg":8},{"bg":14,"fg":8},{"bg":14,"fg":8},{"bg":14,"fg":8},{"bg":14,"fg":8},{"bg":14,"fg":8},{"bg":14,"fg":8},{"bg":14,"fg":8},{"bg":14,"fg":8},{"bg":14,"fg":8},{"bg":14,"fg":8},{"bg":14,"fg":8},{"bg":14,"fg":8},{"bg":14,"fg":8},{"bg":14,"fg":8},{"bg":14,"fg":8},{"bg":14,"fg":8},{"bg":14,"fg":8},{"bg":14,"fg":8},{"bg":14,"fg":8},{"bg":14,"fg":8},{"bg":14,"fg":8},{"bg":14,"fg":8},{"bg":14,"fg":8},{"bg":14,"fg":8},{"bg":14,"fg":8},{"bg":14,"fg":8},{"bg":14,"fg":8},{"bg":14,"fg":8},{"bg":14,"fg":8},{"bg":14,"fg":8},{"bg":14,"fg":8},{"bg":14,"fg":8},{"bg":14,"fg":8},{"bg":14,"fg":8},{"bg":14,"fg":8},{"bg":14,"fg":8},{"bg":14,"fg":8},{"bg":14,"fg":8},{"bg":14,"fg":8},{"bg":14,"fg":8},{"bg":14,"fg":8},{"bg":14,"fg":8},{"bg":14,"fg":8},{"bg":14,"fg":8},{"bg":14,"fg":8},{"bg":14,"fg":8},{"bg":14,"fg":8},{"bg":14,"fg":8},{"bg":14,"fg":8},{"bg":14,"fg":8},{"bg":14,"fg":8},{"bg":14,"fg":8},{"bg":14,"fg":8},{"bg":14,"fg":8},{"bg":14,"fg":8},{"bg":14,"fg":8},{"bg":14,"fg":8},{"bg":14,"fg":8},{"bg":14,"fg":8},{"bg":14,"fg":8},{"bg":14,"fg":8},{"bg":14,"fg":8},{"bg":14,"fg":8},{"bg":14,"fg":8},{"bg":14,"fg":8},{"bg":14,"fg":8},{"bg":14,"fg":8},{"bg":14,"fg":8},{"bg":14,"fg":8},{"bg":14,"fg":8},{"bg":14,"fg":8},{"bg":14,"fg":8},{"bg":14,"fg":8},{"bg":14,"fg":8},{"bg":14,"fg":8},{"bg":14,"fg":8},{"bg":14,"fg":8},{"bg":14,"fg":8},{"bg":14,"fg":8},{"bg":14,"fg":8},{"bg":14,"fg":8},{"bg":14,"fg":8},{"bg":14,"fg":8},{"bg":14,"fg":8},{"bg":14,"fg":8},{"bg":14,"fg":8},{"bg":14,"fg":8},{"bg":14,"fg":8},{"bg":14,"fg":8},{"bg":14,"fg":8},{"bg":14,"fg":8},{"bg":14,"fg":8},{"bg":14,"fg":8},{"bg":14,"fg":8},{"bg":14,"fg":8},{"bg":14,"fg":8},{"bg":14,"fg":8},{"bg":14,"fg":8},{"bg":14,"fg":8},{"bg":14,"fg":8},{"bg":14,"fg":8},{"bg":14,"fg":8},{"bg":14,"fg":8},{"bg":14,"fg":8},{"bg":14,"fg":8},{"bg":14,"fg":8},{"bg":14,"fg":8},{"bg":14,"fg":8},{"bg":14,"fg":8},{"bg":14,"fg":8},{"bg":14,"fg":8},{"bg":14,"fg":8},{"bg":14,"fg":8},{"bg":14,"fg":8},{"bg":14,"fg":8},{"bg":14,"fg":8},{"bg":14,"fg":8},{"bg":14,"fg":8},{"bg":14,"fg":8},{"bg":14,"fg":8},{"bg":14,"fg":8},{"bg":14,"fg":8},{"bg":14,"fg":8},{"bg":14,"fg":8},{"bg":14,"fg":8},{"bg":14,"fg":8},{"bg":14,"fg":8},{"bg":14,"fg":8},{"bg":14,"fg":8},{"bg":14,"fg":8},{"bg":14,"fg":8},{"bg":14,"fg":8},{"bg":14,"fg":8},{"bg":14,"fg":8},{"bg":14,"fg":8},{"bg":14,"fg":8},{"bg":14,"fg":8},{"bg":14,"fg":8},{"bg":14,"fg":8},{"bg":14,"fg":8},{"bg":14,"fg":8},{"bg":14,"fg":8},{"bg":14,"fg":8},{"bg":14,"fg":8},{"bg":14,"fg":8},{"bg":14,"fg":8},{"bg":14,"fg":8},{"bg":14,"fg":8},{"bg":14,"fg":8},{"bg":14,"fg":8},{"bg":14,"fg":8},{"bg":14,"fg":8},{"bg":14,"fg":8},{"bg":14,"fg":8},{"bg":14,"fg":8},{"bg":14,"fg":8},{"bg":14,"fg":8},{"bg":14,"fg":8},{"bg":14,"fg":8},{"bg":14,"fg":8},{"bg":14,"fg":8},{"bg":14,"fg":8},{"bg":14,"fg":8},{"bg":14,"fg":8},{"bg":14,"fg":8},{"bg":14,"fg":8},{"bg":14,"fg":8},{"bg":14,"fg":8},{"bg":14,"fg":8},{"bg":14,"fg":8},{"bg":14,"fg":8},{"bg":14,"fg":8},{"bg":14,"fg":8},{"bg":14,"fg":8},{"bg":14,"fg":8},{"bg":14,"fg":8},{"bg":14,"fg":8},{"bg":14,"fg":8},{"bg":14,"fg":8},{"bg":14,"fg":8},{"bg":14,"fg":8},{"bg":14,"fg":8},{"bg":14,"fg":8},{"bg":14,"fg":8},{"bg":14,"fg":8},{"bg":14,"fg":8},{"bg":14,"fg":8},{"bg":14,"fg":8},{"bg":14,"fg":8},{"bg":14,"fg":8},{"bg":14,"fg":8},{"bg":14,"fg":8},{"bg":14,"fg":8},{"bg":14,"fg":8},{"bg":14,"fg":8},{"bg":14,"fg":8},{"bg":14,"fg":8},{"bg":14,"fg":8},{"bg":14,"fg":8},{"bg":14,"fg":8},{"bg":14,"fg":8},{"bg":14,"fg":8},{"bg":14,"fg":8},{"bg":14,"fg":8},{"bg":14,"fg":8},{"bg":14,"fg":8},{"bg":14,"fg":8},{"bg":14,"fg":8},{"bg":14,"fg":8},{"bg":14,"fg":8},{"bg":14,"fg":8},{"bg":14,"fg":8},{"bg":14,"fg":8},{"bg":14,"fg":8},{"bg":14,"fg":8},{"bg":14,"fg":8},{"bg":14,"fg":8},{"bg":14,"fg":8},{"bg":14,"fg":8},{"bg":14,"fg":8},{"bg":14,"fg":8},{"bg":14,"fg":8},{"bg":14,"fg":8},{"bg":14,"fg":8},{"bg":14,"fg":8},{"bg":14,"fg":8},{"bg":14,"fg":8},{"bg":14,"fg":8},{"bg":14,"fg":8},{"bg":14,"fg":8},{"bg":14,"fg":8},{"bg":14,"fg":8},{"bg":14,"fg":8},{"bg":14,"fg":8},{"bg":14,"fg":8},{"bg":14,"fg":8},{"bg":14,"fg":8},{"bg":14,"fg":8},{"bg":14,"fg":8},{"bg":14,"fg":8},{"bg":14,"fg":8},{"bg":14,"fg":8},{"bg":14,"fg":8},{"bg":14,"fg":8},{"bg":14,"fg":8},{"bg":14,"fg":8},{"bg":14,"fg":8},{"bg":14,"fg":8},{"bg":14,"fg":8},{"bg":14,"fg":8},{"bg":14,"fg":8},{"bg":14,"fg":8},{"bg":14,"fg":8},{"bg":14,"fg":8},{"bg":14,"fg":8},{"bg":14,"fg":8},{"bg":14,"fg":8},{"bg":14,"fg":8},{"bg":14,"fg":8},{"bg":14,"fg":8},{"bg":14,"fg":8},{"bg":14,"fg":8},{"bg":14,"fg":8},{"bg":14,"fg":8},{"bg":14,"fg":8},{"bg":14,"fg":8},{"bg":14,"fg":8},{"bg":14,"fg":8},{"bg":14,"fg":8},{"bg":14,"fg":8},{"bg":14,"fg":8},{"bg":14,"fg":8},{"bg":14,"fg":8},{"bg":14,"fg":8},{"bg":14,"fg":8},{"bg":14,"fg":8},{"bg":14,"fg":8},{"bg":14,"fg":8},{"bg":14,"fg":8},{"bg":14,"fg":8},{"bg":14,"fg":8},{"bg":14,"fg":8},{"bg":14,"fg":8},{"bg":14,"fg":8},{"bg":14,"fg":8},{"bg":14,"fg":8},{"bg":14,"fg":8},{"bg":14,"fg":8},{"bg":14,"fg":8},{"bg":14,"fg":8},{"bg":14,"fg":8},{"bg":14,"fg":8},{"bg":14,"fg":8},{"bg":14,"fg":8},{"bg":14,"fg":8},{"bg":14,"fg":8},{"bg":14,"fg":8},{"bg":14,"fg":8},{"bg":14,"fg":8},{"bg":14,"fg":8},{"bg":14,"fg":8},{"bg":14,"fg":8},{"bg":14,"fg":8},{"bg":14,"fg":8},{"bg":14,"fg":8},{"bg":14,"fg":8},{"bg":14,"fg":8},{"bg":14,"fg":8},{"bg":14,"fg":8},{"bg":14,"fg":8},{"bg":14,"fg":8},{"bg":14,"fg":8},{"bg":14,"fg":8},{"bg":14,"fg":8},{"bg":14,"fg":8},{"bg":14,"fg":8},{"bg":14,"fg":8},{"bg":14,"fg":8},{"bg":14,"fg":8},{"bg":14,"fg":8},{"bg":14,"fg":8},{"bg":14,"fg":8},{"bg":14,"fg":8},{"bg":14,"fg":8},{"bg":14,"fg":8},{"bg":14,"fg":8},{"bg":14,"fg":8},{"bg":14,"fg":8},{"bg":14,"fg":8},{"bg":14,"fg":8},{"bg":14,"fg":8},{"bg":14,"fg":8},{"bg":14,"fg":8},{"bg":14,"fg":8},{"bg":14,"fg":8},{"bg":14,"fg":8},{"bg":14,"fg":8},{"bg":14,"fg":8},{"bg":14,"fg":8},{"bg":14,"fg":8},{"bg":14,"fg":8},{"bg":14,"fg":8},{"bg":14,"fg":8},{"bg":14,"fg":8},{"bg":14,"fg":8},{"bg":14,"fg":8},{"bg":14,"fg":8},{"bg":14,"fg":8},{"bg":14,"fg":8},{"bg":14,"fg":8},{"bg":14,"fg":8},{"bg":14,"fg":8},{"bg":14,"fg":8},{"bg":14,"fg":8},{"bg":14,"fg":8},{"bg":14,"fg":8},{"bg":14,"fg":8},{"bg":14,"fg":8},{"bg":14,"fg":8},{"bg":14,"fg":8},{"bg":14,"fg":8},{"bg":14,"fg":8},{"bg":14,"fg":8},{"bg":14,"fg":8},{"bg":14,"fg":8},{"bg":14,"fg":8},{"bg":14,"fg":8},{"bg":14,"fg":8},{"bg":14,"fg":8},{"bg":14,"fg":8},{"bg":14,"fg":8},{"bg":14,"fg":8},{"bg":14,"fg":8},{"bg":14,"fg":8},{"bg":14,"fg":8},{"bg":14,"fg":8},{"bg":14,"fg":8},{"bg":14,"fg":8},{"bg":14,"fg":8},{"bg":14,"fg":8},{"bg":14,"fg":8},{"bg":14,"fg":8},{"bg":14,"fg":8},{"bg":14,"fg":8},{"bg":14,"fg":8},{"bg":14,"fg":8},{"bg":14,"fg":8},{"bg":14,"fg":8},{"bg":14,"fg":8},{"bg":14,"fg":8},{"bg":14,"fg":8},{"bg":14,"fg":8},{"bg":14,"fg":8},{"bg":14,"fg":8},{"bg":14,"fg":8},{"bg":14,"fg":8},{"bg":14,"fg":8},{"bg":14,"fg":8},{"bg":14,"fg":8},{"bg":14,"fg":8},{"bg":14,"fg":8},{"bg":14,"fg":8},{"bg":14,"fg":8},{"bg":14,"fg":8},{"bg":14,"fg":8},{"bg":14,"fg":8},{"bg":14,"fg":8},{"bg":14,"fg":8},{"bg":14,"fg":8},{"bg":14,"fg":8},{"bg":14,"fg":8},{"bg":14,"fg":8},{"bg":14,"fg":8},{"bg":14,"fg":8},{"bg":14,"fg":8},{"bg":14,"fg":8},{"bg":14,"fg":8},{"bg":14,"fg":8},{"bg":14,"fg":8},{"bg":14,"fg":8},{"bg":14,"fg":8},{"bg":14,"fg":8},{"bg":14,"fg":8},{"bg":14,"fg":8},{"bg":14,"fg":8},{"bg":14,"fg":8},{"bg":14,"fg":8},{"bg":14,"fg":8},{"bg":14,"fg":8},{"bg":14,"fg":8},{"bg":14,"fg":8},{"bg":14,"fg":8},{"bg":14,"fg":8},{"bg":14,"fg":8},{"bg":14,"fg":8},{"bg":14,"fg":8},{"bg":14,"fg":8},{"bg":14,"fg":8},{"bg":14,"fg":8},{"bg":14,"fg":8},{"bg":14,"fg":8},{"bg":14,"fg":8},{"bg":14,"fg":8},{"bg":14,"fg":8},{"bg":14,"fg":8},{"bg":14,"fg":8},{"bg":14,"fg":8},{"bg":14,"fg":8},{"bg":14,"fg":8},{"bg":14,"fg":8},{"bg":14,"fg":8},{"bg":14,"fg":8},{"bg":14,"fg":8},{"bg":14,"fg":8},{"bg":14,"fg":8},{"bg":14,"fg":8},{"bg":14,"fg":8},{"bg":14,"fg":8},{"bg":14,"fg":8},{"bg":14,"fg":8},{"bg":14,"fg":8},{"bg":14,"fg":8},{"bg":14,"fg":8},{"bg":14,"fg":8},{"bg":14,"fg":8},{"bg":14,"fg":8},{"bg":14,"fg":8},{"bg":14,"fg":8},{"bg":14,"fg":8},{"bg":14,"fg":8},{"bg":14,"fg":8},{"bg":14,"fg":8},{"bg":14,"fg":8},{"bg":14,"fg":8},{"bg":14,"fg":8},{"bg":14,"fg":8},{"bg":14,"fg":8},{"bg":14,"fg":8},{"bg":14,"fg":8},{"bg":14,"fg":8},{"bg":14,"fg":8},{"bg":14,"fg":8},{"bg":14,"fg":8},{"bg":14,"fg":8},{"bg":14,"fg":8},{"bg":14,"fg":8},{"bg":14,"fg":8},{"bg":14,"fg":8},{"bg":14,"fg":8},{"bg":14,"fg":8},{"bg":14,"fg":8},{"bg":14,"fg":8},{"bg":14,"fg":8},{"bg":14,"fg":8},{"bg":14,"fg":8},{"bg":14,"fg":8},{"bg":14,"fg":8},{"bg":14,"fg":8},{"bg":14,"fg":8},{"bg":14,"fg":8},{"bg":14,"fg":8},{"bg":14,"fg":8},{"bg":14,"fg":8},{"bg":14,"fg":8},{"bg":14,"fg":8},{"bg":14,"fg":8},{"bg":14,"fg":8},{"bg":14,"fg":8},{"bg":14,"fg":8},{"bg":14,"fg":8},{"bg":14,"fg":8},{"bg":14,"fg":8},{"bg":14,"fg":8},{"bg":14,"fg":8},{"bg":14,"fg":8},{"bg":14,"fg":8},{"bg":14,"fg":8},{"bg":14,"fg":8},{"bg":14,"fg":8},{"bg":14,"fg":8},{"bg":14,"fg":8},{"bg":14,"fg":8},{"bg":14,"fg":8},{"bg":14,"fg":8},{"bg":14,"fg":8},{"bg":14,"fg":8},{"bg":14,"fg":8},{"bg":14,"fg":8},{"bg":14,"fg":8},{"bg":14,"fg":8},{"bg":14,"fg":8},{"bg":14,"fg":8},{"bg":14,"fg":8},{"bg":14,"fg":8},{"bg":14,"fg":8},{"bg":14,"fg":8},{"bg":14,"fg":8},{"bg":14,"fg":8},{"bg":14,"fg":8},{"bg":14,"fg":8},{"bg":14,"fg":8},{"bg":14,"fg":8},{"bg":14,"fg":8},{"bg":14,"fg":8},{"bg":14,"fg":8},{"bg":14,"fg":8},{"bg":14,"fg":8},{"bg":14,"fg":8}],"weather":0,"width":100}
