{"ClothAnces":0,"ClothBack":0,"ClothFace":0,"ClothFeet":0,"ClothHair":0,"ClothHand":0,"ClothMask":0,"ClothNeck":0,"ClothPants":0,"ClothShirt":0,"aap":false,"adminLevel":0,"boughtANCES":false,"boughtBRAIN":false,"boughtCCROWN":false,"boughtCDG":false,"boughtCHIMERA":false,"boughtCWD":false,"boughtDAV":false,"boughtDIG":false,"boughtFLASHAXE":false,"boughtFORCE":false,"boughtGANGEL":false,"boughtGBOW":false,"boughtGBUG":false,"boughtGDIAPER":false,"boughtGGLASS":false,"boughtGNECK":false,"boughtGPEGASUS":false,"boughtGROB":false,"boughtGTANGEL":false,"boughtHSCYTHE":false,"boughtLGB":false,"boughtLGD":false,"boughtLGK":false,"boughtLGW":false,"boughtLKW":false,"boughtLTIT":false,"boughtLWHIP":false,"boughtNDEV":false,"boughtPHOENIX":false,"boughtRAYMANFIST":false,"boughtRFS":false,"boughtTK69":false,"boughtTXMOM":false,"boughtVIOLET":false,"boughtZEUS":false,"discord":"","doublejump":false,"effect":8421376,"friends":[],"guild":"","ip":"140.213.58.246","ipID":4131050892,"isBanned":0,"isMuted":0,"joinguild":false,"leader":false,"level":1,"password":"$2a$12$UD5Tg/4/Tmw54X7rHahpAObwz7dn/I/GX5jhx1qAuy/ZtrpK2BoWK","receivedbans":0,"receivedwarns":0,"rubble":0,"rubblexp":0,"username":"devonpro","worldsowned":[],"xp":0}
