{"ClothAnces":7174,"ClothBack":2260,"ClothFace":1204,"ClothFeet":2680,"ClothHair":4402,"ClothHand":9122,"ClothMask":4182,"ClothNeck":9012,"ClothPants":344,"ClothShirt":3366,"aap":false,"adminLevel":999,"boughtANCES":true,"boughtBRAIN":false,"boughtCCROWN":false,"boughtCDG":false,"boughtCHIMERA":false,"boughtCWD":false,"boughtDAV":true,"boughtDIG":true,"boughtFLASHAXE":false,"boughtFORCE":true,"boughtGANGEL":false,"boughtGBOW":false,"boughtGBUG":false,"boughtGDIAPER":true,"boughtGGLASS":false,"boughtGNECK":false,"boughtGPEGASUS":false,"boughtGROB":true,"boughtGTANGEL":false,"boughtHSCYTHE":true,"boughtLGB":true,"boughtLGD":true,"boughtLGK":true,"boughtLGW":true,"boughtLKW":false,"boughtLTIT":false,"boughtLWHIP":true,"boughtNDEV":false,"boughtPHOENIX":true,"boughtRAYMANFIST":true,"boughtRFS":false,"boughtTK69":true,"boughtTXMOM":false,"boughtVIOLET":false,"boughtZEUS":false,"discord":"","doublejump":true,"effect":8421405,"friends":["eva","rivan","ayame","vania"],"guild":"Vanias","ip":"36.77.104.186","ipID":3127397668,"isBanned":0,"isMuted":0,"joinguild":true,"leader":true,"level":2047483670,"password":"$2a$12$MvKLgOma042wGHnO5i/2LeDBhaeefeWeoDFDduUraAlzZknNcXqfu","receivedbans":0,"receivedwarns":0,"rubble":62,"rubblexp":42,"username":"syzu","worldsowned":["HELL","HELL0","A","B","C","D","E","F","1","2","3","4","5","6","ADMIN","HUKUMAN","COWONOOB","MINIGAME","CASINOWIN","SYZUCSN","QUIZMASTER","DISNEYLAND","LOVE","VANIAS","VANIALOVE","START","QUEEN","LEGENDARYJDJJD","2","3","4","5","6","LEGEND","DISNEYLAND","QQ","CSN","START"],"xp":137}
